The NH3-F2 complex






R = 5.0 Bohr
converged SCF energy = -256.184061059911
##################################################
TD-B3LYP
TD-SCF states [6, 11, 12, 14, 15] not converged.
Excited State energies (eV)
[4.27603284 4.74139644 4.74139645 6.24199961 7.50610406 7.50616229
 8.39841697 8.41710243 8.41710255 9.00399998 9.00400545 9.12809505
 9.26963345 9.26963652 9.76838041 9.76851959]

** Singlet excitation energies and oscillator strengths **
Excited State   1:      4.27603 eV    289.95 nm  f=0.1901
    14 -> 15       -0.70650
Excited State   2:      4.74140 eV    261.49 nm  f=0.0000
    13 -> 15        0.70720
Excited State   3:      4.74140 eV    261.49 nm  f=0.0000
    12 -> 15       -0.70720
Excited State   4:      6.24200 eV    198.63 nm  f=0.0422
    14 -> 16        0.70245
Excited State   5:      7.50610 eV    165.18 nm  f=0.0039
    14 -> 18        0.70077
Excited State   6:      7.50616 eV    165.18 nm  f=0.0039
    14 -> 17       -0.70077
Excited State   7:      8.39842 eV    147.63 nm  f=0.0024
    14 -> 19       -0.70259
Excited State   8:      8.41710 eV    147.30 nm  f=0.0001
     9 -> 15       -0.69927
Excited State   9:      8.41710 eV    147.30 nm  f=0.0001
     8 -> 15       -0.69927
Excited State  10:      9.00400 eV    137.70 nm  f=0.0008
    11 -> 15       -0.69987
Excited State  11:      9.00401 eV    137.70 nm  f=0.0008
    10 -> 15       -0.69987
Excited State  12:      9.12810 eV    135.83 nm  f=0.0051
    14 -> 20       -0.70142
Excited State  13:      9.26963 eV    133.75 nm  f=0.0002
    13 -> 16       -0.70179
Excited State  14:      9.26964 eV    133.75 nm  f=0.0002
    12 -> 16        0.70179
Excited State  15:      9.76838 eV    126.92 nm  f=0.0135
    14 -> 22       -0.62098
    14 -> 24       -0.27948
    14 -> 26       -0.18235
Excited State  16:      9.76852 eV    126.92 nm  f=0.0135
    14 -> 23        0.62068
    14 -> 25       -0.28005
    14 -> 27       -0.18252
##################################################
##################################################
TDA-B3LYP
Excited State energies (eV)
[4.41902499 4.83513918 4.83513926 6.26262969 7.51006128 7.51011984
 8.44053215 8.46166467 8.46166468 9.00624812 9.00625356 9.13717267
 9.2702985  9.27030167 9.77555551 9.77571253]

** Singlet excitation energies and oscillator strengths **
Excited State   1:      4.41902 eV    280.57 nm  f=0.2357
    14 -> 15        0.70039
Excited State   2:      4.83514 eV    256.42 nm  f=0.0000
    13 -> 15        0.70536
Excited State   3:      4.83514 eV    256.42 nm  f=0.0000
    12 -> 15       -0.70536
Excited State   4:      6.26263 eV    197.97 nm  f=0.0396
    14 -> 16        0.70159
Excited State   5:      7.51006 eV    165.09 nm  f=0.0043
    14 -> 18       -0.70092
Excited State   6:      7.51012 eV    165.09 nm  f=0.0043
    14 -> 17       -0.70091
Excited State   7:      8.44053 eV    146.89 nm  f=0.0011
    14 -> 19        0.70036
Excited State   8:      8.46166 eV    146.52 nm  f=0.0001
     9 -> 15       -0.69800
Excited State   9:      8.46166 eV    146.52 nm  f=0.0001
     8 -> 15       -0.69800
Excited State  10:      9.00625 eV    137.66 nm  f=0.0008
    11 -> 15       -0.69918
Excited State  11:      9.00625 eV    137.66 nm  f=0.0008
    10 -> 15       -0.69918
Excited State  12:      9.13717 eV    135.69 nm  f=0.0059
    14 -> 20       -0.70168
Excited State  13:      9.27030 eV    133.74 nm  f=0.0002
    13 -> 16        0.70175
Excited State  14:      9.27030 eV    133.74 nm  f=0.0002
    12 -> 16       -0.70175
Excited State  15:      9.77556 eV    126.83 nm  f=0.0139
    14 -> 22       -0.63439
    14 -> 24       -0.24971
    14 -> 26       -0.17838
Excited State  16:      9.77571 eV    126.83 nm  f=0.0139
    14 -> 23       -0.63411
    14 -> 25        0.25028
    14 -> 27        0.17857
##################################################
begin SCF-LOSC calculation.
converged SCF energy = -256.18404034948
##################################################
TD-LOSC-B3LYP
TD-SCF states [12, 14, 15] not converged.
Excited State energies (eV)
[ 4.321525    4.75374204  4.75374811  7.17960532  8.43282232  8.43283551
  8.46960302  8.47121587  9.21321365  9.94492651 10.459328   10.46307674
 10.52770145 10.53672673 10.7447652  10.75262955]

** Singlet excitation energies and oscillator strengths **
Excited State   1:      4.32153 eV    286.90 nm  f=0.1893
    14 -> 15       -0.27735
    14 -> 16        0.65041
Old CO representation:
    14 -> 15       -0.70705

Excited State   2:      4.75374 eV    260.81 nm  f=0.0000
    12 -> 15        0.24477
    12 -> 16       -0.64641
Old CO representation:
    13 -> 15        0.70232

Excited State   3:      4.75375 eV    260.81 nm  f=0.0000
    13 -> 15       -0.24408
    13 -> 16        0.64461
Old CO representation:
    12 -> 15       -0.70332

Excited State   4:      7.17961 eV    172.69 nm  f=0.0559
    14 -> 15        0.64238
    14 -> 16        0.26936
Old CO representation:
    14 -> 16        0.69952

Excited State   5:      8.43282 eV    147.03 nm  f=0.0002
     8 -> 15        0.24701
     8 -> 16       -0.65212
Old CO representation:
     8 -> 15        0.22744
     9 -> 15        0.66325

Excited State   6:      8.43284 eV    147.03 nm  f=0.0002
     9 -> 15        0.24758
     9 -> 16       -0.65362
Old CO representation:
     8 -> 15        0.65749
     9 -> 15       -0.24403

Excited State   7:      8.46960 eV    146.39 nm  f=0.0034
    14 -> 17       -0.60904
    14 -> 18       -0.33065
Old CO representation:
    14 -> 17       -0.47894
    14 -> 18        0.50366

Excited State   8:      8.47122 eV    146.36 nm  f=0.0033
    14 -> 17        0.33040
    14 -> 18       -0.60844
Old CO representation:
    14 -> 17        0.50354
    14 -> 18        0.47878

Excited State   9:      9.21321 eV    134.57 nm  f=0.0037
    14 -> 19       -0.68126
Old CO representation:
    14 -> 19        0.66880
    14 -> 21        0.20194

Excited State  10:      9.94493 eV    124.67 nm  f=0.0053
    14 -> 20       -0.69410
Old CO representation:
    14 -> 20       -0.69145

Excited State  11:     10.45933 eV    118.54 nm  f=0.0191
    14 -> 23        0.47043
    14 -> 25       -0.44650
Old CO representation:
    14 -> 22       -0.51214
    14 -> 23       -0.27974
    14 -> 24       -0.25726

Excited State  12:     10.46308 eV    118.50 nm  f=0.0181
    14 -> 22        0.46838
    14 -> 24       -0.43307
Old CO representation:
    14 -> 22        0.27064
    14 -> 23       -0.51229
    14 -> 25        0.25223

Excited State  13:     10.52770 eV    117.77 nm  f=0.0001
    10 -> 15       -0.27035
    10 -> 16        0.60979
Old CO representation:
    10 -> 15       -0.62778
    11 -> 15       -0.22747
    14 -> 22       -0.20602

Excited State  14:     10.53673 eV    117.67 nm  f=0.0003
    11 -> 15        0.27219
    11 -> 16       -0.61506
Old CO representation:
    10 -> 15       -0.23075
    11 -> 15        0.63246

Excited State  15:     10.74477 eV    115.39 nm  f=0.0100
    14 -> 23       -0.44764
    14 -> 25       -0.49903
Old CO representation:
    14 -> 22        0.23532
    14 -> 23        0.20233
    14 -> 24       -0.44251
    14 -> 25        0.38359

Excited State  16:     10.75263 eV    115.31 nm  f=0.0094
    14 -> 22       -0.44903
    14 -> 24       -0.49592
Old CO representation:
    14 -> 22       -0.20547
    14 -> 23        0.23596
    14 -> 24        0.38201
    14 -> 25        0.44021

##################################################
##################################################
TDA-LOSC-B3LYP
Excited State energies (eV)
[ 4.46927936  4.84641349  4.84641884  7.19758146  8.47074963  8.47190405
  8.47964265  8.48009179  9.26233504  9.95320778 10.46679601 10.47029442
 10.52964198 10.53851149 10.76018396 10.76776215]

** Singlet excitation energies and oscillator strengths **
Excited State   1:      4.46928 eV    277.41 nm  f=0.2342
    14 -> 15       -0.28186
    14 -> 16        0.64266
Old CO representation:
    14 -> 15       -0.70147

Excited State   2:      4.84641 eV    255.83 nm  f=0.0000
    12 -> 15        0.24841
    12 -> 16       -0.65534
Old CO representation:
    13 -> 15        0.68840

Excited State   3:      4.84642 eV    255.83 nm  f=0.0000
    13 -> 15        0.24841
    13 -> 16       -0.65534
Old CO representation:
    12 -> 15        0.68840

Excited State   4:      7.19758 eV    172.26 nm  f=0.0547
    14 -> 15       -0.64003
    14 -> 16       -0.27317
Old CO representation:
    14 -> 16       -0.69895

Excited State   5:      8.47075 eV    146.37 nm  f=0.0033
     8 -> 16       -0.29118
    14 -> 17       -0.53831
    14 -> 18       -0.29737
Old CO representation:
     8 -> 15        0.22431
     9 -> 15        0.24090
    14 -> 17       -0.42178
    14 -> 18        0.45011

Excited State   6:      8.47190 eV    146.35 nm  f=0.0030
     9 -> 16       -0.33590
    14 -> 17       -0.28355
    14 -> 18        0.51138
Old CO representation:
     8 -> 15        0.27713
     9 -> 15       -0.26033
    14 -> 17       -0.42885
    14 -> 18       -0.40063

Excited State   7:      8.47964 eV    146.21 nm  f=0.0005
     8 -> 15       -0.20689
     8 -> 16        0.54657
    14 -> 17       -0.28826
Old CO representation:
     8 -> 15       -0.43320
     9 -> 15       -0.44628
    14 -> 17       -0.22795
    14 -> 18        0.23449

Excited State   8:      8.48009 eV    146.21 nm  f=0.0007
     9 -> 16       -0.52032
    14 -> 18       -0.33235
Old CO representation:
     8 -> 15        0.42473
     9 -> 15       -0.41255
    14 -> 17        0.27092
    14 -> 18        0.26286

Excited State   9:      9.26234 eV    133.86 nm  f=0.0023
    14 -> 19       -0.67907
Old CO representation:
    14 -> 19        0.66698

Excited State  10:      9.95321 eV    124.57 nm  f=0.0059
    14 -> 20       -0.69435
Old CO representation:
    14 -> 20       -0.69155

Excited State  11:     10.46680 eV    118.45 nm  f=0.0202
    14 -> 23       -0.47812
    14 -> 25        0.42734
Old CO representation:
    14 -> 22        0.52254
    14 -> 23        0.27200
    14 -> 24        0.24216

Excited State  12:     10.47029 eV    118.42 nm  f=0.0192
    14 -> 22        0.47441
    14 -> 24       -0.41419
Old CO representation:
    14 -> 22        0.26053
    14 -> 23       -0.52285
    14 -> 25        0.23757

Excited State  13:     10.52964 eV    117.75 nm  f=0.0001
    10 -> 15        0.26754
    10 -> 16       -0.60472
    14 -> 22        0.20823
Old CO representation:
    10 -> 15        0.62318
    11 -> 15        0.22336
    14 -> 22        0.22065

Excited State  14:     10.53851 eV    117.65 nm  f=0.0003
    11 -> 15       -0.27005
    11 -> 16        0.61182
Old CO representation:
    10 -> 15        0.22786
    11 -> 15       -0.62949
    14 -> 23        0.20102

Excited State  15:     10.76018 eV    115.22 nm  f=0.0120
    14 -> 23        0.42958
    14 -> 25        0.51102
Old CO representation:
    14 -> 22       -0.22018
    14 -> 24        0.44717
    14 -> 25       -0.38665

Excited State  16:     10.76776 eV    115.14 nm  f=0.0113
    14 -> 22       -0.43164
    14 -> 24       -0.50640
Old CO representation:
    14 -> 23        0.22152
    14 -> 24        0.38465
    14 -> 25        0.44415

##################################################












R = 7.0 Bohr
converged SCF energy = -256.18105211508
##################################################
TD-B3LYP
TD-SCF states [7, 8, 11, 14] not converged.
Excited State energies (eV)
[3.05845424 4.59105019 4.59105021 5.99376451 7.25379363 7.25388572
 8.20377483 8.26101637 8.26101661 8.2796858  8.27969089 8.93975564
 9.51007742 9.51017853 9.56645018 9.76841742]

** Singlet excitation energies and oscillator strengths **
Excited State   1:      3.05845 eV    405.38 nm  f=0.0219
    14 -> 15        0.70699
Excited State   2:      4.59105 eV    270.06 nm  f=0.0001
    13 -> 15        0.70732
Excited State   3:      4.59105 eV    270.06 nm  f=0.0001
    12 -> 15       -0.70777
Excited State   4:      5.99376 eV    206.86 nm  f=0.0689
    14 -> 16        0.70319
Excited State   5:      7.25379 eV    170.92 nm  f=0.0027
    14 -> 17        0.70099
Excited State   6:      7.25389 eV    170.92 nm  f=0.0027
    14 -> 18       -0.70099
Excited State   7:      8.20377 eV    151.13 nm  f=0.0003
    14 -> 19       -0.70183
Excited State   8:      8.26102 eV    150.08 nm  f=0.0000
     8 -> 15        0.67692
    10 -> 15       -0.19929
Excited State   9:      8.26102 eV    150.08 nm  f=0.0000
     9 -> 15       -0.67748
    11 -> 15        0.19952
Excited State  10:      8.27969 eV    149.75 nm  f=0.0001
     9 -> 15        0.19931
    11 -> 15        0.67826
Excited State  11:      8.27969 eV    149.74 nm  f=0.0001
     8 -> 15        0.19925
    10 -> 15        0.67828
Excited State  12:      8.93976 eV    138.69 nm  f=0.0106
    14 -> 20        0.70108
Excited State  13:      9.51008 eV    130.37 nm  f=0.0255
    14 -> 22       -0.66627
    14 -> 26       -0.22658
Excited State  14:      9.51018 eV    130.37 nm  f=0.0255
    14 -> 23        0.66621
    14 -> 27       -0.22670
Excited State  15:      9.56645 eV    129.60 nm  f=0.0002
    14 -> 21        0.70089
Excited State  16:      9.76842 eV    126.92 nm  f=0.0101
    14 -> 22        0.13555
    14 -> 25       -0.62605
    14 -> 26       -0.28120
##################################################
##################################################
TDA-B3LYP
Excited State energies (eV)
[3.06891456 4.68967413 4.68967415 6.00920141 7.25746678 7.25755885
 8.24396111 8.27767466 8.27768015 8.31041398 8.31041411 8.95019155
 9.51787538 9.51798405 9.58223172 9.7834964 ]

** Singlet excitation energies and oscillator strengths **
Excited State   1:      3.06891 eV    404.00 nm  f=0.0230
    14 -> 15       -0.70662
Excited State   2:      4.68967 eV    264.38 nm  f=0.0000
    13 -> 15        0.70573
Excited State   3:      4.68967 eV    264.38 nm  f=0.0000
    12 -> 15        0.70573
Excited State   4:      6.00920 eV    206.32 nm  f=0.0717
    14 -> 16        0.70297
Excited State   5:      7.25747 eV    170.84 nm  f=0.0031
    14 -> 17        0.70111
Excited State   6:      7.25756 eV    170.83 nm  f=0.0031
    14 -> 18        0.70111
Excited State   7:      8.24396 eV    150.39 nm  f=0.0005
    14 -> 19       -0.70057
Excited State   8:      8.27767 eV    149.78 nm  f=0.0001
     9 -> 15       -0.10700
    11 -> 15        0.69882
Excited State   9:      8.27768 eV    149.78 nm  f=0.0001
     8 -> 15       -0.10701
    10 -> 15        0.69882
Excited State  10:      8.31041 eV    149.19 nm  f=0.0000
     9 -> 15        0.69743
    11 -> 15        0.10722
Excited State  11:      8.31041 eV    149.19 nm  f=0.0000
     8 -> 15       -0.69743
    10 -> 15       -0.10724
Excited State  12:      8.95019 eV    138.53 nm  f=0.0116
    14 -> 20       -0.70094
Excited State  13:      9.51788 eV    130.26 nm  f=0.0265
    14 -> 22        0.67041
    14 -> 26        0.21653
Excited State  14:      9.51798 eV    130.26 nm  f=0.0265
    14 -> 23        0.67036
    14 -> 27       -0.21666
Excited State  15:      9.58223 eV    129.39 nm  f=0.0003
    14 -> 21       -0.70057
Excited State  16:      9.78350 eV    126.73 nm  f=0.0128
    14 -> 22       -0.11152
    14 -> 25        0.62631
    14 -> 26        0.29088
##################################################
begin SCF-LOSC calculation.
converged SCF energy = -256.180886657129
##################################################
TD-LOSC-B3LYP
TD-SCF states [6, 14] not converged.
Excited State energies (eV)
[ 4.59743326  4.59744106  5.78343703  6.95046998  8.21939041  8.25317629
  8.26824558  8.26826483  9.07468839  9.76581551 10.24063917 10.29083404
 10.57607614 10.59257299 11.06353072 11.20358654]

** Singlet excitation energies and oscillator strengths **
Excited State   1:      4.59743 eV    269.68 nm  f=0.0001
    12 -> 15       -0.70208
Old CO representation:
    13 -> 15       -0.70484

Excited State   2:      4.59744 eV    269.68 nm  f=0.0001
    13 -> 15        0.70204
Old CO representation:
    12 -> 15        0.70512

Excited State   3:      5.78344 eV    214.38 nm  f=0.0363
    14 -> 15       -0.70545
Old CO representation:
    14 -> 15       -0.70616

Excited State   4:      6.95047 eV    178.38 nm  f=0.0799
    14 -> 16       -0.69624
Old CO representation:
    14 -> 16       -0.69973

Excited State   5:      8.21939 eV    150.84 nm  f=0.0024
    14 -> 18       -0.69476
Old CO representation:
    14 -> 17       -0.66883

Excited State   6:      8.25318 eV    150.23 nm  f=0.0027
    14 -> 17       -0.69691
Old CO representation:
    14 -> 18        0.66959

Excited State   7:      8.26825 eV    149.95 nm  f=0.0000
     8 -> 15        0.67177
Old CO representation:
     8 -> 15       -0.30124
     9 -> 15        0.63888

Excited State   8:      8.26826 eV    149.95 nm  f=0.0000
     9 -> 15       -0.67361
Old CO representation:
     8 -> 15       -0.63555
     9 -> 15       -0.30777

Excited State   9:      9.07469 eV    136.63 nm  f=0.0005
    14 -> 19       -0.65922
Old CO representation:
    14 -> 19       -0.64551
    14 -> 21        0.25389

Excited State  10:      9.76582 eV    126.96 nm  f=0.0095
    14 -> 20       -0.69370
Old CO representation:
    14 -> 20       -0.69262

Excited State  11:     10.24064 eV    121.07 nm  f=0.0249
    14 -> 23       -0.57732
    14 -> 24       -0.25251
    14 -> 26        0.23289
Old CO representation:
    14 -> 23       -0.62669
    14 -> 27        0.28393

Excited State  12:     10.29083 eV    120.48 nm  f=0.0219
    14 -> 22       -0.62664
    14 -> 27       -0.24355
Old CO representation:
    14 -> 22       -0.62183
    14 -> 26       -0.29716

Excited State  13:     10.57608 eV    117.23 nm  f=0.0102
    14 -> 22       -0.21731
    14 -> 25       -0.58336
    14 -> 27        0.27782
Old CO representation:
    14 -> 24        0.26499
    14 -> 25        0.48862
    14 -> 26        0.35964

Excited State  14:     10.59257 eV    117.05 nm  f=0.0098
    14 -> 23       -0.33746
    14 -> 24        0.53207
    14 -> 26       -0.24635
Old CO representation:
    14 -> 24       -0.50437
    14 -> 25        0.26242
    14 -> 27       -0.33067

Excited State  15:     11.06353 eV    112.07 nm  f=0.0677
    14 -> 24        0.20396
    14 -> 26        0.46368
    14 -> 29        0.24665
    14 -> 30        0.30274
Old CO representation:
    14 -> 24       -0.25982
    14 -> 27        0.36756
    14 -> 28       -0.31168
    14 -> 29       -0.38083

Excited State  16:     11.20359 eV    110.66 nm  f=0.0684
    14 -> 25        0.23899
    14 -> 27        0.44072
    14 -> 29        0.35046
    14 -> 30       -0.26674
Old CO representation:
    14 -> 25       -0.27285
    14 -> 26        0.31406
    14 -> 30        0.50551

##################################################
##################################################
TDA-LOSC-B3LYP
Excited State energies (eV)
[ 4.69512634  4.69513427  5.78944076  6.96455995  8.22264857  8.25650395
  8.31505624  8.31506889  9.1281491   9.77436227 10.24813342 10.29723343
 10.59145851 10.60743267 11.07233151 11.21285102]

** Singlet excitation energies and oscillator strengths **
Excited State   1:      4.69513 eV    264.07 nm  f=0.0000
    12 -> 15        0.70012
Old CO representation:
    13 -> 15        0.70188

Excited State   2:      4.69513 eV    264.07 nm  f=0.0000
    13 -> 15       -0.70012
Old CO representation:
    12 -> 15       -0.70188

Excited State   3:      5.78944 eV    214.16 nm  f=0.0376
    14 -> 15        0.70534
Old CO representation:
    14 -> 15        0.70586

Excited State   4:      6.96456 eV    178.02 nm  f=0.0826
    14 -> 16       -0.69594
Old CO representation:
    14 -> 16       -0.69943

Excited State   5:      8.22265 eV    150.78 nm  f=0.0026
    14 -> 18        0.69489
Old CO representation:
    14 -> 17        0.66907

Excited State   6:      8.25650 eV    150.17 nm  f=0.0030
    14 -> 17        0.69718
Old CO representation:
    14 -> 18       -0.66999

Excited State   7:      8.31506 eV    149.11 nm  f=0.0000
     8 -> 15       -0.69002
Old CO representation:
     8 -> 15        0.37436
     9 -> 15       -0.59829

Excited State   8:      8.31507 eV    149.11 nm  f=0.0000
     9 -> 15        0.69001
Old CO representation:
     8 -> 15        0.59828
     9 -> 15        0.37436

Excited State   9:      9.12815 eV    135.83 nm  f=0.0007
    14 -> 19        0.65756
Old CO representation:
    14 -> 19        0.64426
    14 -> 21       -0.24944

Excited State  10:      9.77436 eV    126.85 nm  f=0.0103
    14 -> 20        0.69441
Old CO representation:
    14 -> 20        0.69326

Excited State  11:     10.24813 eV    120.98 nm  f=0.0260
    14 -> 23        0.58626
    14 -> 24        0.23751
    14 -> 26       -0.22923
Old CO representation:
    14 -> 23        0.62953
    14 -> 27       -0.27632

Excited State  12:     10.29723 eV    120.41 nm  f=0.0227
    14 -> 22       -0.63322
    14 -> 27       -0.23759
Old CO representation:
    14 -> 22       -0.62488
    14 -> 26       -0.28710

Excited State  13:     10.59146 eV    117.06 nm  f=0.0122
    14 -> 22       -0.20282
    14 -> 25       -0.58217
    14 -> 27        0.29217
Old CO representation:
    14 -> 24        0.25657
    14 -> 25        0.48600
    14 -> 26        0.37356

Excited State  14:     10.60743 eV    116.88 nm  f=0.0116
    14 -> 23       -0.32537
    14 -> 24        0.53390
    14 -> 26       -0.25958
Old CO representation:
    14 -> 24       -0.50298
    14 -> 25        0.25425
    14 -> 27       -0.34405

Excited State  15:     11.07233 eV    111.98 nm  f=0.0722
    14 -> 24        0.21390
    14 -> 26        0.45927
    14 -> 29        0.24768
    14 -> 30        0.30215
Old CO representation:
    14 -> 24       -0.26928
    14 -> 27        0.36157
    14 -> 28       -0.30688
    14 -> 29       -0.38252

Excited State  16:     11.21285 eV    110.57 nm  f=0.0744
    14 -> 25        0.24859
    14 -> 27        0.43466
    14 -> 29        0.34861
    14 -> 30       -0.26699
Old CO representation:
    14 -> 25       -0.28172
    14 -> 26        0.30661
    14 -> 30        0.50452

##################################################












R = 9.0 Bohr
converged SCF energy = -256.180481099045
##################################################
TD-B3LYP
TD-SCF states [13, 15] not converged.
Excited State energies (eV)
[2.92206451 4.57341403 4.57341404 5.94282414 7.20514131 7.20544698
 8.1819486  8.18195415 8.24072139 8.24072139 8.35204555 8.94525352
 9.46537098 9.47646291 9.47662526 9.73543533]

** Singlet excitation energies and oscillator strengths **
Excited State   1:      2.92206 eV    424.30 nm  f=0.0022
    14 -> 15        0.70708
Excited State   2:      4.57341 eV    271.10 nm  f=0.0001
    12 -> 15       -0.70782
Excited State   3:      4.57341 eV    271.10 nm  f=0.0001
    13 -> 15       -0.70782
Excited State   4:      5.94282 eV    208.63 nm  f=0.0731
    14 -> 16       -0.70342
Excited State   5:      7.20514 eV    172.08 nm  f=0.0027
    14 -> 17       -0.70107
Excited State   6:      7.20545 eV    172.07 nm  f=0.0027
    14 -> 18       -0.70107
Excited State   7:      8.18195 eV    151.53 nm  f=0.0000
    11 -> 15        0.70705
Excited State   8:      8.18195 eV    151.53 nm  f=0.0000
    10 -> 15        0.70705
Excited State   9:      8.24072 eV    150.45 nm  f=0.0000
     9 -> 15       -0.70465
Excited State  10:      8.24072 eV    150.45 nm  f=0.0000
     8 -> 15        0.68495
     9 -> 15       -0.17217
Excited State  11:      8.35205 eV    148.45 nm  f=0.0008
    14 -> 19       -0.69734
Excited State  12:      8.94525 eV    138.60 nm  f=0.0194
    14 -> 20       -0.68395
    14 -> 21       -0.15662
Excited State  13:      9.46537 eV    130.99 nm  f=0.0016
    14 -> 20        0.15925
    14 -> 21       -0.68126
Excited State  14:      9.47646 eV    130.83 nm  f=0.0227
    14 -> 23       -0.66061
    14 -> 28       -0.23916
Excited State  15:      9.47663 eV    130.83 nm  f=0.0227
    14 -> 22       -0.66055
    14 -> 27        0.23940
Excited State  16:      9.73544 eV    127.35 nm  f=0.0093
    14 -> 22        0.11426
    14 -> 24        0.54979
    14 -> 27        0.41626
##################################################
##################################################
TDA-B3LYP
Excited State energies (eV)
[2.92277745 4.67249733 4.67249734 5.95744746 7.2088294  7.20913544
 8.18197305 8.1819786  8.28812628 8.28812628 8.39865924 8.95830601
 9.47346749 9.48293335 9.48309938 9.75078035]

** Singlet excitation energies and oscillator strengths **
Excited State   1:      2.92278 eV    424.20 nm  f=0.0022
    14 -> 15       -0.70705
Excited State   2:      4.67250 eV    265.35 nm  f=0.0000
    13 -> 15       -0.70576
Excited State   3:      4.67250 eV    265.35 nm  f=0.0000
    12 -> 15        0.70576
Excited State   4:      5.95745 eV    208.12 nm  f=0.0766
    14 -> 16        0.70324
Excited State   5:      7.20883 eV    171.99 nm  f=0.0031
    14 -> 17        0.70119
Excited State   6:      7.20914 eV    171.98 nm  f=0.0031
    14 -> 18        0.70119
Excited State   7:      8.18197 eV    151.53 nm  f=0.0000
    11 -> 15       -0.70707
Excited State   8:      8.18198 eV    151.53 nm  f=0.0000
    10 -> 15        0.70707
Excited State   9:      8.28813 eV    149.59 nm  f=0.0000
     9 -> 15        0.70565
Excited State  10:      8.28813 eV    149.59 nm  f=0.0000
     8 -> 15       -0.70565
Excited State  11:      8.39866 eV    147.62 nm  f=0.0005
    14 -> 19       -0.69545
Excited State  12:      8.95831 eV    138.40 nm  f=0.0212
    14 -> 20       -0.68194
    14 -> 21       -0.16257
Excited State  13:      9.47347 eV    130.88 nm  f=0.0019
    14 -> 20       -0.16608
    14 -> 21        0.68033
Excited State  14:      9.48293 eV    130.74 nm  f=0.0234
    14 -> 23        0.66385
    14 -> 28        0.22443
Excited State  15:      9.48310 eV    130.74 nm  f=0.0234
    14 -> 22       -0.66380
    14 -> 27        0.22465
Excited State  16:      9.75078 eV    127.15 nm  f=0.0117
    14 -> 24       -0.54843
    14 -> 27       -0.42263
##################################################
begin SCF-LOSC calculation.
converged SCF energy = -256.180443166051
##################################################
TD-LOSC-B3LYP
TD-SCF states [7] not converged.
Excited State energies (eV)
[ 4.5818923   4.58189486  6.90799787  8.20681406  8.21652767  8.22355614
  8.24846717  8.24847093  9.19300344  9.71871435 10.19400539 10.20961604
 10.46895054 10.48406357 11.06946423 11.2812287 ]

** Singlet excitation energies and oscillator strengths **
Excited State   1:      4.58189 eV    270.60 nm  f=0.0001
    12 -> 15        0.70533
Old CO representation:
    12 -> 15        0.65997
    13 -> 15        0.25611

Excited State   2:      4.58189 eV    270.60 nm  f=0.0001
    13 -> 15       -0.70542
Old CO representation:
    12 -> 15        0.25769
    13 -> 15       -0.65935

Excited State   3:      6.90800 eV    179.48 nm  f=0.0932
    14 -> 16        0.69239
Old CO representation:
    14 -> 16        0.69856

Excited State   4:      8.20681 eV    151.07 nm  f=0.0027
    14 -> 15        0.66959
Old CO representation:
    14 -> 15        0.67131
    14 -> 18       -0.20047

Excited State   5:      8.21653 eV    150.90 nm  f=0.0024
    14 -> 15        0.20846
    14 -> 18       -0.63698
Old CO representation:
    14 -> 15        0.20859
    14 -> 17        0.24984
    14 -> 18        0.61727

Excited State   6:      8.22356 eV    150.77 nm  f=0.0025
    14 -> 17       -0.66339
    14 -> 18       -0.20437
Old CO representation:
    14 -> 17        0.64890
    14 -> 18       -0.25256

Excited State   7:      8.24847 eV    150.31 nm  f=0.0000
     8 -> 15       -0.69437
Old CO representation:
     8 -> 15       -0.69746

Excited State   8:      8.24847 eV    150.31 nm  f=0.0000
     9 -> 15       -0.67797
Old CO representation:
     9 -> 15       -0.68201

Excited State   9:      9.19300 eV    134.87 nm  f=0.0017
    14 -> 19       -0.66463
Old CO representation:
    14 -> 19       -0.64294
    14 -> 21       -0.23495

Excited State  10:      9.71871 eV    127.57 nm  f=0.0148
    14 -> 20       -0.69086
Old CO representation:
    14 -> 20       -0.67034

Excited State  11:     10.19401 eV    121.62 nm  f=0.0237
    14 -> 23       -0.63588
    14 -> 27       -0.23470
Old CO representation:
    14 -> 23        0.62965
    14 -> 28        0.27352

Excited State  12:     10.20962 eV    121.44 nm  f=0.0215
    14 -> 22        0.64233
    14 -> 28       -0.24127
Old CO representation:
    14 -> 22        0.62614
    14 -> 27       -0.27616

Excited State  13:     10.46895 eV    118.43 nm  f=0.0091
    14 -> 25        0.54691
    14 -> 27       -0.24541
    14 -> 28       -0.29007
Old CO representation:
    14 -> 24       -0.23161
    14 -> 25        0.39235
    14 -> 27       -0.25827
    14 -> 28        0.43765

Excited State  14:     10.48406 eV    118.26 nm  f=0.0089
    14 -> 24       -0.55264
    14 -> 27        0.28297
    14 -> 28       -0.24016
Old CO representation:
    14 -> 24       -0.38690
    14 -> 25       -0.23218
    14 -> 27       -0.44349
    14 -> 28       -0.25730

Excited State  15:     11.06946 eV    112.01 nm  f=0.1361
    14 -> 26        0.60128
    14 -> 31        0.28047
Old CO representation:
    14 -> 26        0.57451
    14 -> 31        0.33126

Excited State  16:     11.28123 eV    109.90 nm  f=0.0817
    14 -> 25       -0.24229
    14 -> 28       -0.20229
    14 -> 30       -0.51929
Old CO representation:
    14 -> 29        0.34972
    14 -> 30        0.48765

##################################################
##################################################
TDA-LOSC-B3LYP
Excited State energies (eV)
[ 4.67996729  4.67996971  6.92143366  8.20840558  8.21958892  8.22687197
  8.29548602  8.2954885   9.25270943  9.72866405 10.20048567 10.2153828
 10.4842436  10.49934073 11.08934192 11.2930366 ]

** Singlet excitation energies and oscillator strengths **
Excited State   1:      4.67997 eV    264.93 nm  f=0.0000
    12 -> 15        0.70374
Old CO representation:
    12 -> 15        0.65482
    13 -> 15        0.26358

Excited State   2:      4.67997 eV    264.93 nm  f=0.0000
    13 -> 15        0.70374
Old CO representation:
    12 -> 15       -0.26358
    13 -> 15        0.65482

Excited State   3:      6.92143 eV    179.13 nm  f=0.0971
    14 -> 16       -0.69215
Old CO representation:
    14 -> 16       -0.69841

Excited State   4:      8.20841 eV    151.05 nm  f=0.0026
    14 -> 15       -0.68181
Old CO representation:
    14 -> 15       -0.68365

Excited State   5:      8.21959 eV    150.84 nm  f=0.0026
    14 -> 18        0.64576
Old CO representation:
    14 -> 17       -0.24680
    14 -> 18       -0.63100

Excited State   6:      8.22687 eV    150.71 nm  f=0.0028
    14 -> 17        0.66224
    14 -> 18        0.20922
Old CO representation:
    14 -> 17       -0.65105
    14 -> 18        0.24804

Excited State   7:      8.29549 eV    149.46 nm  f=0.0000
     8 -> 15       -0.69881
Old CO representation:
     8 -> 15       -0.70146

Excited State   8:      8.29549 eV    149.46 nm  f=0.0000
     9 -> 15       -0.69881
Old CO representation:
     9 -> 15       -0.70146

Excited State   9:      9.25271 eV    134.00 nm  f=0.0013
    14 -> 19        0.66351
Old CO representation:
    14 -> 19        0.64169
    14 -> 21        0.23664

Excited State  10:      9.72866 eV    127.44 nm  f=0.0164
    14 -> 20        0.69209
Old CO representation:
    14 -> 20        0.67220

Excited State  11:     10.20049 eV    121.55 nm  f=0.0243
    14 -> 23       -0.64159
    14 -> 27       -0.22522
Old CO representation:
    14 -> 23        0.63259
    14 -> 28        0.25808

Excited State  12:     10.21538 eV    121.37 nm  f=0.0220
    14 -> 22       -0.64713
    14 -> 28        0.23174
Old CO representation:
    14 -> 22       -0.62890
    14 -> 27        0.26082

Excited State  13:     10.48424 eV    118.26 nm  f=0.0111
    14 -> 25        0.54608
    14 -> 27       -0.25300
    14 -> 28       -0.29756
Old CO representation:
    14 -> 24       -0.22755
    14 -> 25        0.38758
    14 -> 27       -0.26196
    14 -> 28        0.44623

Excited State  14:     10.49934 eV    118.09 nm  f=0.0109
    14 -> 24        0.55131
    14 -> 27       -0.29034
    14 -> 28        0.24767
Old CO representation:
    14 -> 24        0.38172
    14 -> 25        0.22821
    14 -> 27        0.45158
    14 -> 28        0.26075

Excited State  15:     11.08934 eV    111.80 nm  f=0.1421
    14 -> 26       -0.59799
    14 -> 31       -0.27755
Old CO representation:
    14 -> 26       -0.57156
    14 -> 30        0.20669
    14 -> 31       -0.32767

Excited State  16:     11.29304 eV    109.79 nm  f=0.0883
    14 -> 25        0.24925
    14 -> 28        0.20065
    14 -> 30        0.51153
Old CO representation:
    14 -> 29       -0.36099
    14 -> 30       -0.47539

##################################################












R = 11.0 Bohr
converged SCF energy = -256.180361778976
##################################################
TD-B3LYP
TD-SCF states [8, 13, 14, 15] not converged.
Excited State energies (eV)
[2.92761614 4.56892248 4.5689225  5.93306555 7.19459037 7.19470577
 8.17947065 8.17947619 8.2347427  8.23474355 8.31946145 8.9212087
 9.44540779 9.49976079 9.50021331 9.73627747]

** Singlet excitation energies and oscillator strengths **
Excited State   1:      2.92762 eV    423.50 nm  f=0.0002
    14 -> 15       -0.70709
Excited State   2:      4.56892 eV    271.36 nm  f=0.0001
    13 -> 15       -0.70783
Excited State   3:      4.56892 eV    271.36 nm  f=0.0001
    12 -> 15       -0.70783
Excited State   4:      5.93307 eV    208.97 nm  f=0.0727
    14 -> 16        0.70349
Excited State   5:      7.19459 eV    172.33 nm  f=0.0028
    14 -> 18       -0.70111
Excited State   6:      7.19471 eV    172.33 nm  f=0.0028
    14 -> 17       -0.70109
Excited State   7:      8.17947 eV    151.58 nm  f=0.0000
    11 -> 15       -0.70710
Excited State   8:      8.17948 eV    151.58 nm  f=0.0000
    10 -> 15       -0.70710
Excited State   9:      8.23474 eV    150.56 nm  f=0.0000
     9 -> 15        0.70630
Excited State  10:      8.23474 eV    150.56 nm  f=0.0000
     8 -> 15       -0.70630
Excited State  11:      8.31946 eV    149.03 nm  f=0.0036
    14 -> 19        0.69991
Excited State  12:      8.92121 eV    138.98 nm  f=0.0207
    14 -> 20       -0.51629
    14 -> 21       -0.47587
Excited State  13:      9.44541 eV    131.26 nm  f=0.0001
    14 -> 20       -0.47675
    14 -> 21        0.51594
Excited State  14:      9.49976 eV    130.51 nm  f=0.0172
    14 -> 22       -0.65936
    14 -> 28       -0.23952
Excited State  15:      9.50021 eV    130.51 nm  f=0.0172
    14 -> 23       -0.65889
    14 -> 27        0.24068
Excited State  16:      9.73628 eV    127.34 nm  f=0.0098
    14 -> 22        0.22532
    14 -> 26       -0.35692
    14 -> 28       -0.55602
##################################################
##################################################
TDA-B3LYP
Excited State energies (eV)
[2.92767326 4.66808256 4.66808256 5.94759285 7.19829267 7.19840769
 8.1794734  8.17947894 8.28220206 8.28220206 8.36447229 8.93177677
 9.44758571 9.50458704 9.50506563 9.75267381]

** Singlet excitation energies and oscillator strengths **
Excited State   1:      2.92767 eV    423.49 nm  f=0.0002
    14 -> 15       -0.70709
Excited State   2:      4.66808 eV    265.60 nm  f=0.0000
    13 -> 15        0.70577
Excited State   3:      4.66808 eV    265.60 nm  f=0.0000
    12 -> 15       -0.70577
Excited State   4:      5.94759 eV    208.46 nm  f=0.0764
    14 -> 16        0.70331
Excited State   5:      7.19829 eV    172.24 nm  f=0.0031
    14 -> 18        0.70123
Excited State   6:      7.19841 eV    172.24 nm  f=0.0031
    14 -> 17        0.70121
Excited State   7:      8.17947 eV    151.58 nm  f=0.0000
    11 -> 15        0.70710
Excited State   8:      8.17948 eV    151.58 nm  f=0.0000
    10 -> 15       -0.70710
Excited State   9:      8.28220 eV    149.70 nm  f=0.0000
     9 -> 15       -0.70568
Excited State  10:      8.28220 eV    149.70 nm  f=0.0000
     8 -> 15       -0.70568
Excited State  11:      8.36447 eV    148.23 nm  f=0.0031
    14 -> 19       -0.69770
Excited State  12:      8.93178 eV    138.81 nm  f=0.0229
    14 -> 20       -0.51615
    14 -> 21       -0.47620
Excited State  13:      9.44759 eV    131.23 nm  f=0.0001
    14 -> 20       -0.47811
    14 -> 21        0.51554
Excited State  14:      9.50459 eV    130.45 nm  f=0.0174
    14 -> 22       -0.66593
    14 -> 28       -0.22117
Excited State  15:      9.50507 eV    130.44 nm  f=0.0175
    14 -> 23       -0.66551
    14 -> 27        0.22227
Excited State  16:      9.75267 eV    127.13 nm  f=0.0119
    14 -> 22       -0.20485
    14 -> 26        0.35908
    14 -> 28        0.56144
##################################################
begin SCF-LOSC calculation.
converged SCF energy = -256.18034514693
##################################################
TD-LOSC-B3LYP
TD-SCF states [14, 15] not converged.
Excited State energies (eV)
[ 4.57729061  4.57729959  6.91491215  8.21901992  8.21974421  8.242214
  8.24222096  9.07914896  9.3442718   9.69104618 10.18908834 10.18989146
 10.45709089 10.45758024 11.37182361 11.37625074]

** Singlet excitation energies and oscillator strengths **
Excited State   1:      4.57729 eV    270.87 nm  f=0.0001
    12 -> 15       -0.70732
Old CO representation:
    12 -> 15       -0.60765
    13 -> 15        0.36322

Excited State   2:      4.57730 eV    270.87 nm  f=0.0001
    13 -> 15        0.70732
Old CO representation:
    12 -> 15        0.36385
    13 -> 15        0.60727

Excited State   3:      6.91491 eV    179.30 nm  f=0.0904
    14 -> 16        0.69483
Old CO representation:
    14 -> 16        0.69900

Excited State   4:      8.21902 eV    150.85 nm  f=0.0025
    14 -> 17        0.22122
    14 -> 18       -0.65825
Old CO representation:
    14 -> 17        0.33254
    14 -> 18       -0.61228

Excited State   5:      8.21974 eV    150.84 nm  f=0.0025
    14 -> 17        0.65822
    14 -> 18        0.22123
Old CO representation:
    14 -> 17        0.61223
    14 -> 18        0.33253

Excited State   6:      8.24221 eV    150.43 nm  f=0.0000
     8 -> 15        0.70544
Old CO representation:
     8 -> 15        0.61630
     9 -> 15       -0.34521

Excited State   7:      8.24222 eV    150.43 nm  f=0.0000
     9 -> 15       -0.70560
Old CO representation:
     8 -> 15       -0.35038
     9 -> 15       -0.61338

Excited State   8:      9.07915 eV    136.56 nm  f=0.0008
    14 -> 15       -0.69132
Old CO representation:
    14 -> 15       -0.69066

Excited State   9:      9.34427 eV    132.68 nm  f=0.0025
    14 -> 19       -0.65512
Old CO representation:
    14 -> 19       -0.63147
    14 -> 24       -0.21489

Excited State  10:      9.69105 eV    127.94 nm  f=0.0155
    14 -> 20        0.68429
Old CO representation:
    14 -> 20        0.45429
    14 -> 21        0.52881

Excited State  11:     10.18909 eV    121.68 nm  f=0.0195
    14 -> 22       -0.46087
    14 -> 23       -0.41044
    14 -> 25       -0.23257
    14 -> 28       -0.21395
Old CO representation:
    14 -> 22        0.60714
    14 -> 23       -0.21748
    14 -> 28        0.25142

Excited State  12:     10.18989 eV    121.67 nm  f=0.0194
    14 -> 22       -0.40956
    14 -> 23        0.45995
    14 -> 27        0.26105
Old CO representation:
    14 -> 22        0.21782
    14 -> 23        0.60698
    14 -> 27       -0.25161

Excited State  13:     10.45709 eV    118.56 nm  f=0.0088
    14 -> 22        0.26077
    14 -> 25       -0.44728
    14 -> 28       -0.38000
Old CO representation:
    14 -> 22       -0.24745
    14 -> 26        0.25774
    14 -> 28        0.57540

Excited State  14:     10.45758 eV    118.56 nm  f=0.0088
    14 -> 23       -0.26226
    14 -> 24        0.32564
    14 -> 27        0.48778
Old CO representation:
    14 -> 23       -0.24754
    14 -> 25       -0.25730
    14 -> 27       -0.57539

Excited State  15:     11.37182 eV    109.03 nm  f=0.0856
    14 -> 30        0.65258
Old CO representation:
    14 -> 29        0.56108
    14 -> 30       -0.34104

Excited State  16:     11.37625 eV    108.99 nm  f=0.0857
    14 -> 29        0.66842
Old CO representation:
    14 -> 29       -0.34164
    14 -> 30       -0.56201

##################################################
##################################################
TDA-LOSC-B3LYP
Excited State energies (eV)
[ 4.67544991  4.67545594  6.92887037  8.22233084  8.22305947  8.2892715
  8.28927717  9.08186797  9.40648445  9.70010398 10.19436285 10.19514169
 10.47238198 10.47285979 11.3857991  11.39029353]

** Singlet excitation energies and oscillator strengths **
Excited State   1:      4.67545 eV    265.18 nm  f=0.0000
    12 -> 15       -0.70529
Old CO representation:
    12 -> 15       -0.60565
    13 -> 15        0.36257

Excited State   2:      4.67546 eV    265.18 nm  f=0.0000
    13 -> 15       -0.70529
Old CO representation:
    12 -> 15       -0.36257
    13 -> 15       -0.60565

Excited State   3:      6.92887 eV    178.94 nm  f=0.0946
    14 -> 16       -0.69476
Old CO representation:
    14 -> 16       -0.69894

Excited State   4:      8.22233 eV    150.79 nm  f=0.0028
    14 -> 17       -0.22149
    14 -> 18        0.65824
Old CO representation:
    14 -> 17       -0.33282
    14 -> 18        0.61226

Excited State   5:      8.22306 eV    150.78 nm  f=0.0028
    14 -> 17       -0.65822
    14 -> 18       -0.22150
Old CO representation:
    14 -> 17       -0.61222
    14 -> 18       -0.33281

Excited State   6:      8.28927 eV    149.57 nm  f=0.0000
     8 -> 15        0.70522
Old CO representation:
     8 -> 15        0.60465
     9 -> 15       -0.36411

Excited State   7:      8.28928 eV    149.57 nm  f=0.0000
     9 -> 15        0.70522
Old CO representation:
     8 -> 15        0.36411
     9 -> 15        0.60465

Excited State   8:      9.08187 eV    136.52 nm  f=0.0006
    14 -> 15        0.69704
Old CO representation:
    14 -> 15        0.69661

Excited State   9:      9.40648 eV    131.81 nm  f=0.0019
    14 -> 19        0.65950
Old CO representation:
    14 -> 19        0.63600
    14 -> 24        0.20742

Excited State  10:      9.70010 eV    127.82 nm  f=0.0173
    14 -> 20       -0.68551
Old CO representation:
    14 -> 20       -0.45773
    14 -> 21       -0.52609

Excited State  11:     10.19436 eV    121.62 nm  f=0.0199
    14 -> 22       -0.47513
    14 -> 23       -0.40730
    14 -> 25       -0.21735
    14 -> 28       -0.20161
Old CO representation:
    14 -> 22        0.61751
    14 -> 23       -0.20812
    14 -> 28        0.23630

Excited State  12:     10.19514 eV    121.61 nm  f=0.0198
    14 -> 22        0.40644
    14 -> 23       -0.47428
    14 -> 27       -0.24500
Old CO representation:
    14 -> 22       -0.20839
    14 -> 23       -0.61734
    14 -> 27        0.23650

Excited State  13:     10.47238 eV    118.39 nm  f=0.0107
    14 -> 22        0.24368
    14 -> 25       -0.45411
    14 -> 28       -0.38782
Old CO representation:
    14 -> 22       -0.22903
    14 -> 26        0.25602
    14 -> 28        0.57964

Excited State  14:     10.47286 eV    118.39 nm  f=0.0106
    14 -> 23        0.24519
    14 -> 24       -0.33076
    14 -> 27       -0.49667
Old CO representation:
    14 -> 23        0.22912
    14 -> 25        0.25555
    14 -> 27        0.57963

Excited State  15:     11.38580 eV    108.89 nm  f=0.0922
    14 -> 30       -0.65194
Old CO representation:
    14 -> 29       -0.55957
    14 -> 30        0.34041

Excited State  16:     11.39029 eV    108.85 nm  f=0.0924
    14 -> 29        0.66617
Old CO representation:
    14 -> 29       -0.34069
    14 -> 30       -0.55996

##################################################












R = 13.0 Bohr
converged SCF energy = -256.180318868572
##################################################
TD-B3LYP
TD-SCF states [8, 9, 14, 15] not converged.
Excited State energies (eV)
[2.9489288  4.56707827 4.56707831 5.9307051  7.19147018 7.19148921
 8.19362299 8.19362852 8.2322864  8.23228771 8.31125957 8.93841249
 9.43368446 9.50885396 9.50934397 9.7419943 ]

** Singlet excitation energies and oscillator strengths **
Excited State   1:      2.94893 eV    420.44 nm  f=0.0000
    14 -> 15        0.70710
Excited State   2:      4.56708 eV    271.47 nm  f=0.0001
    13 -> 15       -0.70783
Excited State   3:      4.56708 eV    271.47 nm  f=0.0001
    12 -> 15       -0.70783
Excited State   4:      5.93071 eV    209.05 nm  f=0.0721
    14 -> 16       -0.70353
Excited State   5:      7.19147 eV    172.40 nm  f=0.0028
    14 -> 18       -0.70113
Excited State   6:      7.19149 eV    172.40 nm  f=0.0028
    14 -> 17       -0.70112
Excited State   7:      8.19362 eV    151.32 nm  f=0.0000
    11 -> 15        0.70710
Excited State   8:      8.19363 eV    151.32 nm  f=0.0000
    10 -> 15        0.70710
Excited State   9:      8.23229 eV    150.61 nm  f=0.0000
     8 -> 15       -0.70630
Excited State  10:      8.23229 eV    150.61 nm  f=0.0000
     9 -> 15       -0.70630
Excited State  11:      8.31126 eV    149.18 nm  f=0.0023
    14 -> 19        0.70054
Excited State  12:      8.93841 eV    138.71 nm  f=0.0177
    14 -> 20        0.38906
    14 -> 21        0.58481
Excited State  13:      9.43368 eV    131.43 nm  f=0.0001
    14 -> 20        0.58243
    14 -> 21       -0.38561
Excited State  14:      9.50885 eV    130.39 nm  f=0.0153
    14 -> 24       -0.63835
    14 -> 25        0.16425
    14 -> 28        0.24540
Excited State  15:      9.50934 eV    130.38 nm  f=0.0153
    14 -> 23        0.63779
    14 -> 26       -0.16442
    14 -> 27       -0.24670
Excited State  16:      9.74199 eV    127.27 nm  f=0.0100
    14 -> 24       -0.27337
    14 -> 25       -0.12770
    14 -> 28       -0.62943
##################################################
##################################################
TDA-B3LYP
Excited State energies (eV)
[2.94893468 4.6662584  4.6662584  5.94522317 7.19517778 7.19519623
 8.19362356 8.19362909 8.27976239 8.27976239 8.35556606 8.95078337
 9.43504051 9.51301617 9.51352791 9.75892899]

** Singlet excitation energies and oscillator strengths **
Excited State   1:      2.94893 eV    420.44 nm  f=0.0000
    14 -> 15       -0.70710
Excited State   2:      4.66626 eV    265.70 nm  f=0.0000
    13 -> 15       -0.70576
Excited State   3:      4.66626 eV    265.70 nm  f=0.0000
    12 -> 15       -0.70576
Excited State   4:      5.94522 eV    208.54 nm  f=0.0759
    14 -> 16       -0.70334
Excited State   5:      7.19518 eV    172.32 nm  f=0.0032
    14 -> 18        0.70125
Excited State   6:      7.19520 eV    172.32 nm  f=0.0032
    14 -> 17        0.70123
Excited State   7:      8.19362 eV    151.32 nm  f=0.0000
    11 -> 15       -0.70710
Excited State   8:      8.19363 eV    151.32 nm  f=0.0000
    10 -> 15       -0.70710
Excited State   9:      8.27976 eV    149.74 nm  f=0.0000
     9 -> 15        0.70568
Excited State  10:      8.27976 eV    149.74 nm  f=0.0000
     8 -> 15       -0.70568
Excited State  11:      8.35557 eV    148.39 nm  f=0.0018
    14 -> 19       -0.69852
Excited State  12:      8.95078 eV    138.52 nm  f=0.0196
    14 -> 20       -0.38896
    14 -> 21       -0.58436
Excited State  13:      9.43504 eV    131.41 nm  f=0.0001
    14 -> 20        0.58413
    14 -> 21       -0.38552
Excited State  14:      9.51302 eV    130.33 nm  f=0.0154
    14 -> 24       -0.64590
    14 -> 25        0.16061
    14 -> 28        0.22612
Excited State  15:      9.51353 eV    130.32 nm  f=0.0155
    14 -> 23        0.64541
    14 -> 26       -0.16078
    14 -> 27       -0.22735
Excited State  16:      9.75893 eV    127.05 nm  f=0.0120
    14 -> 24       -0.25506
    14 -> 25       -0.13342
    14 -> 28       -0.63482
##################################################
begin SCF-LOSC calculation.
converged SCF energy = -256.180302932126
##################################################
TD-LOSC-B3LYP
TD-SCF states [5, 6, 14, 15] not converged.
Excited State energies (eV)
[ 4.57535251  4.57535444  6.904174    8.20028064  8.20057576  8.23964871
  8.23965297  9.23024966  9.52795481  9.72373193 10.20156015 10.2022058
 10.46981493 10.47032589 11.38841296 11.38852199]

** Singlet excitation energies and oscillator strengths **
Excited State   1:      4.57535 eV    270.98 nm  f=0.0001
    12 -> 15        0.70382
Old CO representation:
    12 -> 15        0.68155

Excited State   2:      4.57535 eV    270.98 nm  f=0.0001
    13 -> 15        0.70393
Old CO representation:
    13 -> 15        0.68125

Excited State   3:      6.90417 eV    179.58 nm  f=0.0895
    14 -> 16       -0.69566
Old CO representation:
    14 -> 16       -0.69952

Excited State   4:      8.20028 eV    151.20 nm  f=0.0024
    14 -> 18        0.68913
Old CO representation:
    14 -> 18       -0.69459

Excited State   5:      8.20058 eV    151.19 nm  f=0.0024
    14 -> 17       -0.68908
Old CO representation:
    14 -> 17       -0.69454

Excited State   6:      8.23965 eV    150.47 nm  f=0.0000
     8 -> 15        0.69516
Old CO representation:
     8 -> 15        0.68403

Excited State   7:      8.23965 eV    150.47 nm  f=0.0000
     9 -> 15       -0.70557
Old CO representation:
     9 -> 15       -0.70574

Excited State   8:      9.23025 eV    134.32 nm  f=0.0027
    14 -> 19       -0.65897
Old CO representation:
    14 -> 19       -0.64062
    14 -> 22       -0.25302

Excited State   9:      9.52795 eV    130.13 nm  f=0.0000
    14 -> 15        0.70155
Old CO representation:
    14 -> 15        0.70198

Excited State  10:      9.72373 eV    127.51 nm  f=0.0135
    14 -> 20        0.68270
Old CO representation:
    14 -> 20        0.31474
    14 -> 21        0.62202

Excited State  11:     10.20156 eV    121.53 nm  f=0.0186
    14 -> 24       -0.57013
    14 -> 26        0.24265
    14 -> 28       -0.27239
Old CO representation:
    14 -> 24        0.61231
    14 -> 28       -0.29005

Excited State  12:     10.20221 eV    121.53 nm  f=0.0187
    14 -> 23        0.57383
    14 -> 25        0.22217
    14 -> 27       -0.29207
Old CO representation:
    14 -> 23        0.61143
    14 -> 27       -0.29173

Excited State  13:     10.46981 eV    118.42 nm  f=0.0087
    14 -> 24        0.33928
    14 -> 26        0.32014
    14 -> 28       -0.50213
Old CO representation:
    14 -> 24       -0.30535
    14 -> 28       -0.62054

Excited State  14:     10.47033 eV    118.41 nm  f=0.0087
    14 -> 23       -0.34444
    14 -> 25        0.27466
    14 -> 27       -0.52725
Old CO representation:
    14 -> 23       -0.30702
    14 -> 27       -0.61971

Excited State  15:     11.38841 eV    108.87 nm  f=0.0877
    14 -> 29        0.31614
    14 -> 30        0.61754
Old CO representation:
    14 -> 29       -0.54494
    14 -> 30        0.42647

Excited State  16:     11.38852 eV    108.87 nm  f=0.0877
    14 -> 29       -0.61626
    14 -> 30        0.31799
Old CO representation:
    14 -> 29        0.42618
    14 -> 30        0.54511

##################################################
##################################################
TDA-LOSC-B3LYP
Excited State energies (eV)
[ 4.67353302  4.67353438  6.91769036  8.20351799  8.20381257  8.28671651
  8.28672047  9.29154006  9.52900317  9.73356046 10.20670603 10.20738681
 10.48506473 10.48553756 11.40291586 11.40303002]

** Singlet excitation energies and oscillator strengths **
Excited State   1:      4.67353 eV    265.29 nm  f=0.0000
    12 -> 15        0.70488
Old CO representation:
    12 -> 15        0.66652
    13 -> 15       -0.23240

Excited State   2:      4.67353 eV    265.29 nm  f=0.0000
    13 -> 15        0.70488
Old CO representation:
    12 -> 15        0.23240
    13 -> 15        0.66652

Excited State   3:      6.91769 eV    179.23 nm  f=0.0937
    14 -> 16        0.69551
Old CO representation:
    14 -> 16        0.69940

Excited State   4:      8.20352 eV    151.14 nm  f=0.0027
    14 -> 18        0.68910
Old CO representation:
    14 -> 18       -0.69462

Excited State   5:      8.20381 eV    151.13 nm  f=0.0027
    14 -> 17        0.68905
Old CO representation:
    14 -> 17        0.69458

Excited State   6:      8.28672 eV    149.62 nm  f=0.0000
     8 -> 15        0.70536
Old CO representation:
     8 -> 15        0.70400

Excited State   7:      8.28672 eV    149.62 nm  f=0.0000
     9 -> 15       -0.70536
Old CO representation:
     9 -> 15       -0.70400

Excited State   8:      9.29154 eV    133.44 nm  f=0.0022
    14 -> 19       -0.65502
Old CO representation:
    14 -> 19       -0.63698
    14 -> 22       -0.24623

Excited State   9:      9.52900 eV    130.11 nm  f=0.0000
    14 -> 15       -0.69859
Old CO representation:
    14 -> 15       -0.69912

Excited State  10:      9.73356 eV    127.38 nm  f=0.0150
    14 -> 20       -0.68383
Old CO representation:
    14 -> 20       -0.31659
    14 -> 21       -0.62181

Excited State  11:     10.20671 eV    121.47 nm  f=0.0190
    14 -> 24        0.57967
    14 -> 26       -0.23284
    14 -> 28        0.25745
Old CO representation:
    14 -> 24       -0.62056
    14 -> 28        0.27147

Excited State  12:     10.20739 eV    121.47 nm  f=0.0190
    14 -> 23        0.58356
    14 -> 25        0.21368
    14 -> 27       -0.27629
Old CO representation:
    14 -> 23        0.61977
    14 -> 27       -0.27310

Excited State  13:     10.48506 eV    118.25 nm  f=0.0105
    14 -> 24        0.32312
    14 -> 26        0.32572
    14 -> 28       -0.50893
Old CO representation:
    14 -> 24       -0.28815
    14 -> 28       -0.62699

Excited State  14:     10.48554 eV    118.24 nm  f=0.0104
    14 -> 23       -0.32809
    14 -> 25        0.27978
    14 -> 27       -0.53453
Old CO representation:
    14 -> 23       -0.28976
    14 -> 27       -0.62624

Excited State  15:     11.40292 eV    108.73 nm  f=0.0944
    14 -> 29       -0.31888
    14 -> 30       -0.61362
Old CO representation:
    14 -> 29        0.54581
    14 -> 30       -0.42175

Excited State  16:     11.40303 eV    108.73 nm  f=0.0944
    14 -> 29       -0.61248
    14 -> 30        0.32047
Old CO representation:
    14 -> 29        0.42169
    14 -> 30        0.54580

##################################################












R = 15.0 Bohr
converged SCF energy = -256.180299943202
##################################################
TD-B3LYP
TD-SCF states [9, 13, 14, 15] not converged.
Excited State energies (eV)
[2.97113978 4.56621466 4.56621468 5.92999121 7.18987259 7.19023723
 8.21114691 8.21115244 8.23111371 8.23111402 8.44511605 8.94864726
 9.412126   9.50891345 9.50906479 9.62741631]

** Singlet excitation energies and oscillator strengths **
Excited State   1:      2.97114 eV    417.30 nm  f=0.0000
    14 -> 15        0.70710
Excited State   2:      4.56621 eV    271.53 nm  f=0.0001
    13 -> 15        0.70782
Excited State   3:      4.56621 eV    271.53 nm  f=0.0001
    12 -> 15        0.70782
Excited State   4:      5.92999 eV    209.08 nm  f=0.0717
    14 -> 16       -0.70352
Excited State   5:      7.18987 eV    172.44 nm  f=0.0028
    14 -> 17        0.70113
Excited State   6:      7.19024 eV    172.43 nm  f=0.0028
    14 -> 18       -0.70113
Excited State   7:      8.21115 eV    150.99 nm  f=0.0000
    11 -> 15       -0.70710
Excited State   8:      8.21115 eV    150.99 nm  f=0.0000
    10 -> 15        0.70710
Excited State   9:      8.23111 eV    150.63 nm  f=0.0000
     9 -> 15       -0.70581
Excited State  10:      8.23111 eV    150.63 nm  f=0.0000
     8 -> 15        0.70217
Excited State  11:      8.44512 eV    146.81 nm  f=0.0008
    14 -> 19       -0.69688
Excited State  12:      8.94865 eV    138.55 nm  f=0.0170
    14 -> 20        0.25453
    14 -> 21       -0.63574
    14 -> 22       -0.15574
Excited State  13:      9.41213 eV    131.73 nm  f=0.0001
    14 -> 20        0.63865
    14 -> 21        0.19946
    14 -> 22        0.22208
Excited State  14:      9.50891 eV    130.39 nm  f=0.0151
    14 -> 24       -0.63905
    14 -> 26        0.15058
    14 -> 28        0.25251
Excited State  15:      9.50906 eV    130.39 nm  f=0.0151
    14 -> 23        0.63899
    14 -> 25        0.15042
    14 -> 27       -0.25275
Excited State  16:      9.62742 eV    128.78 nm  f=0.0003
    14 -> 20        0.16142
    14 -> 21        0.22378
    14 -> 22       -0.64574
##################################################
##################################################
TDA-B3LYP
Excited State energies (eV)
[2.97114089 4.66540309 4.6654031  5.94451927 7.19357946 7.19394457
 8.21114712 8.21115265 8.27859422 8.27859422 8.49526394 8.96561875
 9.41341549 9.5130006  9.51315006 9.63374116]

** Singlet excitation energies and oscillator strengths **
Excited State   1:      2.97114 eV    417.29 nm  f=0.0000
    14 -> 15        0.70710
Excited State   2:      4.66540 eV    265.75 nm  f=0.0000
    13 -> 15       -0.70576
Excited State   3:      4.66540 eV    265.75 nm  f=0.0000
    12 -> 15        0.70576
Excited State   4:      5.94452 eV    208.57 nm  f=0.0756
    14 -> 16       -0.70334
Excited State   5:      7.19358 eV    172.35 nm  f=0.0032
    14 -> 17        0.70125
Excited State   6:      7.19394 eV    172.35 nm  f=0.0032
    14 -> 18        0.70125
Excited State   7:      8.21115 eV    150.99 nm  f=0.0000
    11 -> 15       -0.70710
Excited State   8:      8.21115 eV    150.99 nm  f=0.0000
    10 -> 15        0.70710
Excited State   9:      8.27859 eV    149.76 nm  f=0.0000
     9 -> 15        0.70567
Excited State  10:      8.27859 eV    149.76 nm  f=0.0000
     8 -> 15       -0.70567
Excited State  11:      8.49526 eV    145.95 nm  f=0.0004
    14 -> 19       -0.69419
Excited State  12:      8.96562 eV    138.29 nm  f=0.0187
    14 -> 20        0.25360
    14 -> 21       -0.63321
    14 -> 22       -0.16072
Excited State  13:      9.41342 eV    131.71 nm  f=0.0001
    14 -> 20       -0.64175
    14 -> 21       -0.19991
    14 -> 22       -0.21362
Excited State  14:      9.51300 eV    130.33 nm  f=0.0153
    14 -> 24        0.64602
    14 -> 26       -0.15003
    14 -> 28       -0.23319
Excited State  15:      9.51315 eV    130.33 nm  f=0.0153
    14 -> 23        0.64598
    14 -> 25        0.14987
    14 -> 27       -0.23340
Excited State  16:      9.63374 eV    128.70 nm  f=0.0003
    14 -> 20        0.15086
    14 -> 21        0.22673
    14 -> 22       -0.64760
##################################################
begin SCF-LOSC calculation.
converged SCF energy = -256.180284290431
##################################################
TD-LOSC-B3LYP
TD-SCF states [14] not converged.
Excited State energies (eV)
[ 4.57459376  4.57459381  6.90196487  8.19572949  8.19596983  8.2385933
  8.2385933   9.22263852  9.7363289   9.80162826 10.2127291  10.2133215
 10.47318758 10.47352589 11.39283889 11.39289249]

** Singlet excitation energies and oscillator strengths **
Excited State   1:      4.57459 eV    271.03 nm  f=0.0001
    12 -> 15        0.69447
Old CO representation:
    12 -> 15       -0.43916
    13 -> 15        0.55523

Excited State   2:      4.57459 eV    271.03 nm  f=0.0001
    13 -> 15        0.69006
Old CO representation:
    12 -> 15        0.54167
    13 -> 15        0.45577

Excited State   3:      6.90196 eV    179.64 nm  f=0.0887
    14 -> 16       -0.69627
Old CO representation:
    14 -> 16       -0.69983

Excited State   4:      8.19573 eV    151.28 nm  f=0.0024
    14 -> 18        0.69439
Old CO representation:
    14 -> 18        0.69643

Excited State   5:      8.19597 eV    151.27 nm  f=0.0024
    14 -> 17        0.69434
Old CO representation:
    14 -> 17        0.69639

Excited State   6:      8.23859 eV    150.49 nm  f=0.0000
     9 -> 15        0.70165
Old CO representation:
     9 -> 15        0.70082

Excited State   7:      8.23859 eV    150.49 nm  f=0.0000
     8 -> 15        0.59507
     9 -> 15        0.37986
Old CO representation:
     8 -> 15        0.66794
     9 -> 15        0.22993

Excited State   8:      9.22264 eV    134.43 nm  f=0.0014
    14 -> 19       -0.68293
Old CO representation:
    14 -> 19       -0.65436
    14 -> 22       -0.21705

Excited State   9:      9.73633 eV    127.34 nm  f=0.0130
    14 -> 20        0.68641
Old CO representation:
    14 -> 21        0.63044
    14 -> 22        0.22739

Excited State  10:      9.80163 eV    126.49 nm  f=0.0000
    14 -> 15        0.70615
Old CO representation:
    14 -> 15        0.70618

Excited State  11:     10.21273 eV    121.40 nm  f=0.0178
    14 -> 24       -0.59917
    14 -> 27       -0.34402
Old CO representation:
    14 -> 24       -0.61332
    14 -> 28        0.29711

Excited State  12:     10.21332 eV    121.39 nm  f=0.0179
    14 -> 23        0.59837
    14 -> 28       -0.34537
Old CO representation:
    14 -> 23        0.61258
    14 -> 27       -0.29870

Excited State  13:     10.47319 eV    118.38 nm  f=0.0088
    14 -> 24       -0.34464
    14 -> 27        0.60498
Old CO representation:
    14 -> 24       -0.29489
    14 -> 28       -0.63083

Excited State  14:     10.47353 eV    118.38 nm  f=0.0088
    14 -> 23       -0.34593
    14 -> 28       -0.60422
Old CO representation:
    14 -> 23       -0.29640
    14 -> 27       -0.63008

Excited State  15:     11.39284 eV    108.83 nm  f=0.0885
    14 -> 29       -0.36021
    14 -> 30        0.59756
Old CO representation:
    14 -> 29       -0.68469

Excited State  16:     11.39289 eV    108.83 nm  f=0.0887
    14 -> 29        0.59725
    14 -> 30        0.36080
Old CO representation:
    14 -> 30       -0.68487

##################################################
##################################################
TDA-LOSC-B3LYP
Excited State energies (eV)
[ 4.67278513  4.67278513  6.91542856  8.19897763  8.19921731  8.28566336
  8.28566337  9.28259205  9.7487556   9.80167067 10.21764425 10.21826611
 10.48850873 10.48881508 11.40749269 11.40755033]

** Singlet excitation energies and oscillator strengths **
Excited State   1:      4.67279 eV    265.33 nm  f=0.0000
    12 -> 15       -0.64478
    13 -> 15       -0.28622
Old CO representation:
    13 -> 15       -0.70462

Excited State   2:      4.67279 eV    265.33 nm  f=0.0000
    12 -> 15       -0.28622
    13 -> 15        0.64478
Old CO representation:
    12 -> 15        0.70462

Excited State   3:      6.91543 eV    179.29 nm  f=0.0929
    14 -> 16        0.69612
Old CO representation:
    14 -> 16        0.69971

Excited State   4:      8.19898 eV    151.22 nm  f=0.0027
    14 -> 18       -0.69442
Old CO representation:
    14 -> 18       -0.69651

Excited State   5:      8.19922 eV    151.21 nm  f=0.0027
    14 -> 17       -0.69437
Old CO representation:
    14 -> 17       -0.69647

Excited State   6:      8.28566 eV    149.64 nm  f=0.0000
     8 -> 15       -0.45993
     9 -> 15        0.53481
Old CO representation:
     8 -> 15       -0.32195
     9 -> 15        0.62810

Excited State   7:      8.28566 eV    149.64 nm  f=0.0000
     8 -> 15        0.53481
     9 -> 15        0.45993
Old CO representation:
     8 -> 15        0.62810
     9 -> 15        0.32195

Excited State   8:      9.28259 eV    133.57 nm  f=0.0009
    14 -> 19        0.68097
Old CO representation:
    14 -> 19        0.65232
    14 -> 22        0.22125

Excited State   9:      9.74876 eV    127.18 nm  f=0.0145
    14 -> 20        0.68790
Old CO representation:
    14 -> 21        0.63237
    14 -> 22        0.22163

Excited State  10:      9.80167 eV    126.49 nm  f=0.0000
    14 -> 15       -0.70613
Old CO representation:
    14 -> 15       -0.70617

Excited State  11:     10.21764 eV    121.34 nm  f=0.0182
    14 -> 24        0.60851
    14 -> 27        0.32573
Old CO representation:
    14 -> 24        0.62125
    14 -> 28       -0.27818

Excited State  12:     10.21827 eV    121.34 nm  f=0.0182
    14 -> 23        0.60778
    14 -> 28       -0.32703
Old CO representation:
    14 -> 23        0.62059
    14 -> 27       -0.27971

Excited State  13:     10.48851 eV    118.21 nm  f=0.0106
    14 -> 24       -0.32796
    14 -> 27        0.61303
Old CO representation:
    14 -> 24       -0.27775
    14 -> 28       -0.63770

Excited State  14:     10.48882 eV    118.21 nm  f=0.0106
    14 -> 23       -0.32919
    14 -> 28       -0.61236
Old CO representation:
    14 -> 23       -0.27920
    14 -> 27       -0.63704

Excited State  15:     11.40749 eV    108.69 nm  f=0.0952
    14 -> 29        0.36528
    14 -> 30       -0.59178
Old CO representation:
    14 -> 29        0.68394

Excited State  16:     11.40755 eV    108.69 nm  f=0.0954
    14 -> 29       -0.59182
    14 -> 30       -0.36531
Old CO representation:
    14 -> 30        0.68398

##################################################












R = 17.0 Bohr
converged SCF energy = -256.180290266012
##################################################
TD-B3LYP
TD-SCF states [8, 9, 10, 11, 14] not converged.
Excited State energies (eV)
[2.99165128 4.5657721  4.56577219 5.9293987  7.18897086 7.18915123
 8.2285166  8.22852213 8.23051884 8.23051932 8.52713407 8.94803001
 9.40304373 9.50848735 9.50885549 9.58093393]

** Singlet excitation energies and oscillator strengths **
Excited State   1:      2.99165 eV    414.43 nm  f=0.0000
    14 -> 15       -0.70710
Excited State   2:      4.56577 eV    271.55 nm  f=0.0001
    13 -> 15       -0.70783
Excited State   3:      4.56577 eV    271.55 nm  f=0.0001
    12 -> 15        0.70783
Excited State   4:      5.92940 eV    209.10 nm  f=0.0714
    14 -> 16        0.70354
Excited State   5:      7.18897 eV    172.46 nm  f=0.0028
    14 -> 17        0.70114
Excited State   6:      7.18915 eV    172.46 nm  f=0.0028
    14 -> 18        0.70115
Excited State   7:      8.22852 eV    150.68 nm  f=0.0000
    11 -> 15       -0.70711
Excited State   8:      8.22852 eV    150.68 nm  f=0.0000
    10 -> 15        0.70711
Excited State   9:      8.23052 eV    150.64 nm  f=0.0000
     9 -> 15       -0.70629
Excited State  10:      8.23052 eV    150.64 nm  f=0.0000
     8 -> 15       -0.70463
Excited State  11:      8.52713 eV    145.40 nm  f=0.0007
    14 -> 19        0.69750
Excited State  12:      8.94803 eV    138.56 nm  f=0.0169
    14 -> 20       -0.16711
    14 -> 21        0.56808
    14 -> 22        0.37717
Excited State  13:      9.40304 eV    131.86 nm  f=0.0001
    14 -> 20        0.66223
    14 -> 22        0.24104
Excited State  14:      9.50849 eV    130.39 nm  f=0.0151
    14 -> 24        0.64957
    14 -> 28        0.25426
Excited State  15:      9.50886 eV    130.39 nm  f=0.0152
    14 -> 23       -0.64923
    14 -> 27        0.25516
Excited State  16:      9.58093 eV    129.41 nm  f=0.0001
    14 -> 20        0.18069
    14 -> 21        0.41477
    14 -> 22       -0.54054
##################################################
##################################################
TDA-B3LYP
Excited State energies (eV)
[2.99165166 4.66496467 4.66496467 5.94393722 7.19267732 7.19285825
 8.2285167  8.22852223 8.27800274 8.27800274 8.58370453 8.96454182
 9.40336629 9.51257157 9.51295087 9.58167685]

** Singlet excitation energies and oscillator strengths **
Excited State   1:      2.99165 eV    414.43 nm  f=0.0000
    14 -> 15        0.70710
Excited State   2:      4.66496 eV    265.78 nm  f=0.0000
    13 -> 15        0.70576
Excited State   3:      4.66496 eV    265.78 nm  f=0.0000
    12 -> 15        0.70576
Excited State   4:      5.94394 eV    208.59 nm  f=0.0753
    14 -> 16        0.70335
Excited State   5:      7.19268 eV    172.38 nm  f=0.0032
    14 -> 17        0.70126
Excited State   6:      7.19286 eV    172.37 nm  f=0.0032
    14 -> 18       -0.70127
Excited State   7:      8.22852 eV    150.68 nm  f=0.0000
    11 -> 15        0.70711
Excited State   8:      8.22852 eV    150.68 nm  f=0.0000
    10 -> 15       -0.70711
Excited State   9:      8.27800 eV    149.78 nm  f=0.0000
     9 -> 15        0.70567
Excited State  10:      8.27800 eV    149.78 nm  f=0.0000
     8 -> 15       -0.70567
Excited State  11:      8.58370 eV    144.44 nm  f=0.0003
    14 -> 19       -0.69248
Excited State  12:      8.96454 eV    138.31 nm  f=0.0186
    14 -> 20       -0.16758
    14 -> 21        0.56635
    14 -> 22        0.37525
Excited State  13:      9.40337 eV    131.85 nm  f=0.0001
    14 -> 20        0.66292
    14 -> 22        0.23955
Excited State  14:      9.51257 eV    130.34 nm  f=0.0153
    14 -> 24       -0.65633
    14 -> 28       -0.23495
Excited State  15:      9.51295 eV    130.33 nm  f=0.0153
    14 -> 23        0.65603
    14 -> 27       -0.23579
Excited State  16:      9.58168 eV    129.40 nm  f=0.0001
    14 -> 20       -0.17848
    14 -> 21       -0.41581
    14 -> 22        0.54074
##################################################
begin SCF-LOSC calculation.
converged SCF energy = -256.180274769905
##################################################
TD-LOSC-B3LYP
TD-SCF states [5, 6, 14, 15] not converged.
Excited State energies (eV)
[ 4.57413879  4.57413879  6.90284307  8.19690745  8.19713024  8.23798443
  8.2379846   9.22251951  9.73488837 10.00309643 10.21538077 10.21596373
 10.4731862  10.47354697 11.39365107 11.39369608]

** Singlet excitation energies and oscillator strengths **
Excited State   1:      4.57414 eV    271.05 nm  f=0.0001
    12 -> 15        0.69698
Old CO representation:
    13 -> 15        0.70531

Excited State   2:      4.57414 eV    271.05 nm  f=0.0001
    13 -> 15       -0.70750
Old CO representation:
    12 -> 15       -0.68440

Excited State   3:      6.90284 eV    179.61 nm  f=0.0883
    14 -> 16        0.69630
Old CO representation:
    14 -> 16        0.69995

Excited State   4:      8.19691 eV    151.26 nm  f=0.0025
    14 -> 18        0.69452
Old CO representation:
    14 -> 18       -0.69641

Excited State   5:      8.19713 eV    151.25 nm  f=0.0025
    14 -> 17        0.69447
Old CO representation:
    14 -> 17        0.69636

Excited State   6:      8.23798 eV    150.50 nm  f=0.0000
     9 -> 15       -0.70577
Old CO representation:
     9 -> 15       -0.68338

Excited State   7:      8.23798 eV    150.50 nm  f=0.0000
     8 -> 15        0.65076
     9 -> 15       -0.27373
Old CO representation:
     8 -> 15        0.54962
     9 -> 15       -0.44376

Excited State   8:      9.22252 eV    134.44 nm  f=0.0010
    14 -> 19        0.69661
Old CO representation:
    14 -> 19        0.68662

Excited State   9:      9.73489 eV    127.36 nm  f=0.0131
    14 -> 20        0.68859
Old CO representation:
    14 -> 21        0.53354
    14 -> 22        0.43352

Excited State  10:     10.00310 eV    123.95 nm  f=0.0000
    14 -> 15        0.70700
Old CO representation:
    14 -> 15        0.70696

Excited State  11:     10.21538 eV    121.37 nm  f=0.0177
    14 -> 24        0.60362
    14 -> 27        0.34162
Old CO representation:
    14 -> 24        0.62618
    14 -> 28        0.29811

Excited State  12:     10.21596 eV    121.36 nm  f=0.0177
    14 -> 23        0.60281
    14 -> 28       -0.34300
Old CO representation:
    14 -> 23        0.62543
    14 -> 27       -0.29971

Excited State  13:     10.47319 eV    118.38 nm  f=0.0089
    14 -> 24        0.33979
    14 -> 27       -0.60351
Old CO representation:
    14 -> 24        0.29217
    14 -> 28       -0.63224

Excited State  14:     10.47355 eV    118.38 nm  f=0.0088
    14 -> 23        0.34111
    14 -> 28        0.60274
Old CO representation:
    14 -> 23        0.29371
    14 -> 27        0.63149

Excited State  15:     11.39365 eV    108.82 nm  f=0.0888
    14 -> 29       -0.41991
    14 -> 30        0.55742
Old CO representation:
    14 -> 29       -0.69864

Excited State  16:     11.39370 eV    108.82 nm  f=0.0889
    14 -> 29       -0.55718
    14 -> 30       -0.42029
Old CO representation:
    14 -> 30        0.69869

##################################################
##################################################
TDA-LOSC-B3LYP
Excited State energies (eV)
[ 4.6723343   4.6723343   6.91629021  8.20015856  8.20038063  8.28505766
  8.28505766  9.28178532  9.74825184 10.00309977 10.2202329  10.22084531
 10.48853998 10.48886842 11.40832958 11.40837788]

** Singlet excitation energies and oscillator strengths **
Excited State   1:      4.67233 eV    265.36 nm  f=0.0000
    12 -> 15        0.68885
Old CO representation:
    13 -> 15        0.70527

Excited State   2:      4.67233 eV    265.36 nm  f=0.0000
    13 -> 15       -0.68885
Old CO representation:
    12 -> 15       -0.70527

Excited State   3:      6.91629 eV    179.26 nm  f=0.0926
    14 -> 16        0.69616
Old CO representation:
    14 -> 16        0.69982

Excited State   4:      8.20016 eV    151.20 nm  f=0.0028
    14 -> 18        0.69456
Old CO representation:
    14 -> 18       -0.69649

Excited State   5:      8.20038 eV    151.19 nm  f=0.0027
    14 -> 17       -0.69451
Old CO representation:
    14 -> 17       -0.69644

Excited State   6:      8.28506 eV    149.65 nm  f=0.0000
     9 -> 15        0.70537
Old CO representation:
     9 -> 15        0.67967

Excited State   7:      8.28506 eV    149.65 nm  f=0.0000
     8 -> 15        0.70537
Old CO representation:
     8 -> 15        0.67967

Excited State   8:      9.28179 eV    133.58 nm  f=0.0006
    14 -> 19        0.69391
Old CO representation:
    14 -> 19        0.68300

Excited State   9:      9.74825 eV    127.19 nm  f=0.0145
    14 -> 20        0.68951
Old CO representation:
    14 -> 21        0.53554
    14 -> 22        0.43010

Excited State  10:     10.00310 eV    123.95 nm  f=0.0000
    14 -> 15        0.70700
Old CO representation:
    14 -> 15        0.70696

Excited State  11:     10.22023 eV    121.31 nm  f=0.0180
    14 -> 24       -0.61281
    14 -> 27       -0.32330
Old CO representation:
    14 -> 24       -0.63403
    14 -> 28       -0.27908

Excited State  12:     10.22085 eV    121.31 nm  f=0.0180
    14 -> 23       -0.61208
    14 -> 28        0.32461
Old CO representation:
    14 -> 23       -0.63336
    14 -> 27        0.28062

Excited State  13:     10.48854 eV    118.21 nm  f=0.0107
    14 -> 24        0.32297
    14 -> 27       -0.61136
Old CO representation:
    14 -> 24        0.27464
    14 -> 28       -0.63916

Excited State  14:     10.48887 eV    118.21 nm  f=0.0106
    14 -> 23       -0.32425
    14 -> 28       -0.61067
Old CO representation:
    14 -> 23       -0.27613
    14 -> 27       -0.63849

Excited State  15:     11.40833 eV    108.68 nm  f=0.0955
    14 -> 29        0.43161
    14 -> 30       -0.54548
Old CO representation:
    14 -> 29        0.69668

Excited State  16:     11.40838 eV    108.68 nm  f=0.0956
    14 -> 29       -0.54550
    14 -> 30       -0.43165
Old CO representation:
    14 -> 30        0.69672

##################################################












R = 20.0 Bohr
converged SCF energy = -256.180283325257
##################################################
TD-B3LYP
TD-SCF states [6, 7, 8, 14] not converged.
Excited State energies (eV)
[3.01821913 4.56545675 4.5654568  5.92902163 7.18816989 7.18851864
 8.23009076 8.23009226 8.25202879 8.25203431 8.54448873 8.95305191
 9.4229332  9.50834997 9.50849838 9.59108711]

** Singlet excitation energies and oscillator strengths **
Excited State   1:      3.01822 eV    410.79 nm  f=0.0000
    14 -> 15        0.70711
Excited State   2:      4.56546 eV    271.57 nm  f=0.0001
    13 -> 15        0.70782
Excited State   3:      4.56546 eV    271.57 nm  f=0.0001
    12 -> 15        0.70782
Excited State   4:      5.92902 eV    209.11 nm  f=0.0711
    14 -> 16       -0.70355
Excited State   5:      7.18817 eV    172.48 nm  f=0.0028
    14 -> 17        0.70115
Excited State   6:      7.18852 eV    172.48 nm  f=0.0028
    14 -> 18       -0.70115
Excited State   7:      8.23009 eV    150.65 nm  f=0.0000
     9 -> 15       -0.70610
Excited State   8:      8.23009 eV    150.65 nm  f=0.0000
     8 -> 15       -0.70629
Excited State   9:      8.25203 eV    150.25 nm  f=0.0000
    11 -> 15       -0.70711
Excited State  10:      8.25203 eV    150.25 nm  f=0.0000
    10 -> 15        0.70711
Excited State  11:      8.54449 eV    145.10 nm  f=0.0008
    14 -> 19        0.69975
Excited State  12:      8.95305 eV    138.48 nm  f=0.0167
    14 -> 21       -0.38188
    14 -> 22       -0.58721
Excited State  13:      9.42293 eV    131.58 nm  f=0.0000
    14 -> 20       -0.68712
    14 -> 21        0.11734
    14 -> 22       -0.11831
Excited State  14:      9.50835 eV    130.40 nm  f=0.0151
    14 -> 24       -0.65530
    14 -> 28       -0.25487
Excited State  15:      9.50850 eV    130.39 nm  f=0.0151
    14 -> 23        0.65519
    14 -> 27       -0.25513
Excited State  16:      9.59109 eV    129.27 nm  f=0.0000
    14 -> 20       -0.16277
    14 -> 21       -0.58174
    14 -> 22        0.36722
##################################################
##################################################
TDA-B3LYP
Excited State energies (eV)
[3.01821927 4.66465281 4.66465281 5.9435682  7.19187579 7.19222513
 8.25202883 8.25203435 8.27757788 8.27757788 8.60309838 8.96853373
 9.42294035 9.51242989 9.51257668 9.5911015 ]

** Singlet excitation energies and oscillator strengths **
Excited State   1:      3.01822 eV    410.79 nm  f=0.0000
    14 -> 15        0.70711
Excited State   2:      4.66465 eV    265.80 nm  f=0.0000
    13 -> 15       -0.70576
Excited State   3:      4.66465 eV    265.80 nm  f=0.0000
    12 -> 15       -0.70576
Excited State   4:      5.94357 eV    208.60 nm  f=0.0751
    14 -> 16        0.70336
Excited State   5:      7.19188 eV    172.39 nm  f=0.0032
    14 -> 17        0.70127
Excited State   6:      7.19223 eV    172.39 nm  f=0.0032
    14 -> 18        0.70127
Excited State   7:      8.25203 eV    150.25 nm  f=0.0000
    11 -> 15        0.70711
Excited State   8:      8.25203 eV    150.25 nm  f=0.0000
    10 -> 15       -0.70711
Excited State   9:      8.27758 eV    149.78 nm  f=0.0000
     9 -> 15       -0.70567
Excited State  10:      8.27758 eV    149.78 nm  f=0.0000
     8 -> 15       -0.70567
Excited State  11:      8.60310 eV    144.12 nm  f=0.0003
    14 -> 19       -0.69341
Excited State  12:      8.96853 eV    138.24 nm  f=0.0185
    14 -> 21        0.38086
    14 -> 22        0.58453
Excited State  13:      9.42294 eV    131.58 nm  f=0.0000
    14 -> 20       -0.68712
    14 -> 21        0.11719
    14 -> 22       -0.11847
Excited State  14:      9.51243 eV    130.34 nm  f=0.0153
    14 -> 24       -0.66204
    14 -> 28       -0.23555
Excited State  15:      9.51258 eV    130.34 nm  f=0.0153
    14 -> 23        0.66196
    14 -> 27       -0.23578
Excited State  16:      9.59110 eV    129.27 nm  f=0.0000
    14 -> 20       -0.16273
    14 -> 21       -0.58169
    14 -> 22        0.36734
##################################################
begin SCF-LOSC calculation.
converged SCF energy = -256.180267833398
##################################################
TD-LOSC-B3LYP
TD-SCF states [14] not converged.
Excited State energies (eV)
[ 4.57380755  4.57380765  6.9038074   8.19809853  8.19829745  8.23755679
  8.23755679  9.22347609  9.73347713 10.21443387 10.21546363 10.21602411
 10.47213567 10.47246936 11.39365848 11.39370287]

** Singlet excitation energies and oscillator strengths **
Excited State   1:      4.57381 eV    271.07 nm  f=0.0001
    13 -> 15       -0.70686
Old CO representation:
    12 -> 15       -0.61339
    13 -> 15       -0.35340

Excited State   2:      4.57381 eV    271.07 nm  f=0.0001
    12 -> 15        0.65645
    13 -> 15        0.26387
Old CO representation:
    13 -> 15        0.69607

Excited State   3:      6.90381 eV    179.59 nm  f=0.0880
    14 -> 16        0.69626
Old CO representation:
    14 -> 16        0.69997

Excited State   4:      8.19810 eV    151.24 nm  f=0.0025
    14 -> 18       -0.69308
Old CO representation:
    14 -> 18        0.68969

Excited State   5:      8.19830 eV    151.23 nm  f=0.0025
    14 -> 17        0.69304
Old CO representation:
    14 -> 17        0.68965

Excited State   6:      8.23756 eV    150.51 nm  f=0.0000
     9 -> 15        0.70576
Old CO representation:
     8 -> 15        0.53845
     9 -> 15        0.45724

Excited State   7:      8.23756 eV    150.51 nm  f=0.0000
     8 -> 15       -0.70238
Old CO representation:
     8 -> 15        0.41527
     9 -> 15       -0.57145

Excited State   8:      9.22348 eV    134.42 nm  f=0.0009
    14 -> 19       -0.70085
Old CO representation:
    14 -> 19       -0.70042

Excited State   9:      9.73348 eV    127.38 nm  f=0.0130
    14 -> 20        0.69358
Old CO representation:
    14 -> 21        0.36448
    14 -> 22        0.59486

Excited State  10:     10.21443 eV    121.38 nm  f=0.0000
    14 -> 15       -0.70710
Old CO representation:
    14 -> 15       -0.70705

Excited State  11:     10.21546 eV    121.37 nm  f=0.0176
    14 -> 24       -0.60547
    14 -> 27       -0.34036
Old CO representation:
    14 -> 24       -0.63290
    14 -> 28       -0.29800

Excited State  12:     10.21602 eV    121.36 nm  f=0.0177
    14 -> 23       -0.60467
    14 -> 28        0.34170
Old CO representation:
    14 -> 23       -0.63215
    14 -> 27        0.29957

Excited State  13:     10.47214 eV    118.39 nm  f=0.0089
    14 -> 24        0.33880
    14 -> 27       -0.60259
Old CO representation:
    14 -> 24        0.29272
    14 -> 28       -0.63243

Excited State  14:     10.47247 eV    118.39 nm  f=0.0089
    14 -> 23        0.34011
    14 -> 28        0.60186
Old CO representation:
    14 -> 23        0.29425
    14 -> 27        0.63170

Excited State  15:     11.39366 eV    108.82 nm  f=0.0889
    14 -> 30       -0.68265
Old CO representation:
    14 -> 29       -0.55702
    14 -> 30        0.42213

Excited State  16:     11.39370 eV    108.82 nm  f=0.0891
    14 -> 29       -0.68281
Old CO representation:
    14 -> 29        0.42264
    14 -> 30        0.55667

##################################################
##################################################
TDA-LOSC-B3LYP
Excited State energies (eV)
[ 4.67200662  4.67200662  6.91725825  8.20134949  8.20154781  8.28463216
  8.28463217  9.28265405  9.74697568 10.21443402 10.22029105 10.22087965
 10.48751222 10.48781529 11.40833986 11.40838803]

** Singlet excitation energies and oscillator strengths **
Excited State   1:      4.67201 eV    265.38 nm  f=0.0000
    12 -> 15        0.58199
    13 -> 15        0.39871
Old CO representation:
    13 -> 15        0.70543

Excited State   2:      4.67201 eV    265.38 nm  f=0.0000
    12 -> 15        0.39871
    13 -> 15       -0.58199
Old CO representation:
    12 -> 15       -0.70543

Excited State   3:      6.91726 eV    179.24 nm  f=0.0923
    14 -> 16        0.69611
Old CO representation:
    14 -> 16        0.69984

Excited State   4:      8.20135 eV    151.18 nm  f=0.0028
    14 -> 18       -0.69311
Old CO representation:
    14 -> 18        0.68974

Excited State   5:      8.20155 eV    151.17 nm  f=0.0027
    14 -> 17        0.69306
Old CO representation:
    14 -> 17        0.68970

Excited State   6:      8.28463 eV    149.66 nm  f=0.0000
     9 -> 15        0.69690
Old CO representation:
     8 -> 15        0.59258
     9 -> 15        0.38342

Excited State   7:      8.28463 eV    149.66 nm  f=0.0000
     8 -> 15        0.69690
Old CO representation:
     8 -> 15       -0.38342
     9 -> 15        0.59258

Excited State   8:      9.28265 eV    133.57 nm  f=0.0005
    14 -> 19       -0.69765
Old CO representation:
    14 -> 19       -0.69581

Excited State   9:      9.74698 eV    127.20 nm  f=0.0144
    14 -> 20       -0.69389
Old CO representation:
    14 -> 21       -0.36454
    14 -> 22       -0.59364

Excited State  10:     10.21443 eV    121.38 nm  f=0.0000
    14 -> 15       -0.70710
Old CO representation:
    14 -> 15       -0.70705

Excited State  11:     10.22029 eV    121.31 nm  f=0.0179
    14 -> 24        0.61466
    14 -> 27        0.32199
Old CO representation:
    14 -> 24        0.64078
    14 -> 28        0.27893

Excited State  12:     10.22088 eV    121.30 nm  f=0.0180
    14 -> 23        0.61394
    14 -> 28       -0.32327
Old CO representation:
    14 -> 23        0.64010
    14 -> 27       -0.28044

Excited State  13:     10.48751 eV    118.22 nm  f=0.0107
    14 -> 24        0.32190
    14 -> 27       -0.61039
Old CO representation:
    14 -> 24        0.27497
    14 -> 28       -0.63934

Excited State  14:     10.48782 eV    118.22 nm  f=0.0107
    14 -> 23       -0.32316
    14 -> 28       -0.60971
Old CO representation:
    14 -> 23       -0.27644
    14 -> 27       -0.63869

Excited State  15:     11.40834 eV    108.68 nm  f=0.0956
    14 -> 30       -0.68293
Old CO representation:
    14 -> 29       -0.54742
    14 -> 30        0.43094

Excited State  16:     11.40839 eV    108.68 nm  f=0.0958
    14 -> 29        0.68297
Old CO representation:
    14 -> 29       -0.43095
    14 -> 30       -0.54746

##################################################












R = 25.0 Bohr
converged SCF energy = -256.180278981726
##################################################
TD-B3LYP
TD-SCF states [6, 7] not converged.
Excited State energies (eV)
[3.05267518 4.56526128 4.56526237 5.92879598 7.18778474 7.18817457
 8.22982256 8.229828   8.28362476 8.28363028 8.54520631 8.95325604
 9.45981377 9.50819793 9.50829924 9.62456959]

** Singlet excitation energies and oscillator strengths **
Excited State   1:      3.05268 eV    406.15 nm  f=0.0000
    14 -> 15       -0.70711
Excited State   2:      4.56526 eV    271.58 nm  f=0.0001
    12 -> 15        0.70782
Excited State   3:      4.56526 eV    271.58 nm  f=0.0001
    13 -> 15       -0.70782
Excited State   4:      5.92880 eV    209.12 nm  f=0.0709
    14 -> 16        0.70355
Excited State   5:      7.18778 eV    172.49 nm  f=0.0028
    14 -> 17        0.70115
Excited State   6:      7.18817 eV    172.48 nm  f=0.0028
    14 -> 18       -0.70115
Excited State   7:      8.22982 eV    150.65 nm  f=0.0000
     8 -> 15       -0.70629
Excited State   8:      8.22983 eV    150.65 nm  f=0.0000
     9 -> 15       -0.70629
Excited State   9:      8.28362 eV    149.67 nm  f=0.0000
    11 -> 15       -0.70711
Excited State  10:      8.28363 eV    149.67 nm  f=0.0000
    10 -> 15        0.70711
Excited State  11:      8.54521 eV    145.09 nm  f=0.0008
    14 -> 19       -0.69982
Excited State  12:      8.95326 eV    138.48 nm  f=0.0167
    14 -> 22        0.70127
Excited State  13:      9.45981 eV    131.06 nm  f=0.0000
    14 -> 20       -0.69864
    14 -> 21       -0.10902
Excited State  14:      9.50820 eV    130.40 nm  f=0.0151
    14 -> 24        0.65567
    14 -> 28       -0.25482
Excited State  15:      9.50830 eV    130.40 nm  f=0.0151
    14 -> 23        0.65562
    14 -> 27       -0.25494
Excited State  16:      9.62457 eV    128.82 nm  f=0.0000
    14 -> 20        0.10906
    14 -> 21       -0.69853
##################################################
##################################################
TDA-B3LYP
Excited State energies (eV)
[3.05267522 4.66446087 4.66446087 5.94334651 7.19149078 7.19188124
 8.27731176 8.27731176 8.28362477 8.28363029 8.60385262 8.96872268
 9.45981377 9.51226941 9.51236625 9.62456959]

** Singlet excitation energies and oscillator strengths **
Excited State   1:      3.05268 eV    406.15 nm  f=0.0000
    14 -> 15        0.70711
Excited State   2:      4.66446 eV    265.81 nm  f=0.0000
    13 -> 15       -0.70572
Excited State   3:      4.66446 eV    265.81 nm  f=0.0000
    12 -> 15        0.70572
Excited State   4:      5.94335 eV    208.61 nm  f=0.0749
    14 -> 16       -0.70336
Excited State   5:      7.19149 eV    172.40 nm  f=0.0032
    14 -> 17        0.70127
Excited State   6:      7.19188 eV    172.39 nm  f=0.0032
    14 -> 18       -0.70127
Excited State   7:      8.27731 eV    149.79 nm  f=0.0000
     9 -> 15        0.70567
Excited State   8:      8.27731 eV    149.79 nm  f=0.0000
     8 -> 15        0.70567
Excited State   9:      8.28362 eV    149.67 nm  f=0.0000
    11 -> 15        0.70711
Excited State  10:      8.28363 eV    149.67 nm  f=0.0000
    10 -> 15        0.70711
Excited State  11:      8.60385 eV    144.10 nm  f=0.0003
    14 -> 19        0.69343
Excited State  12:      8.96872 eV    138.24 nm  f=0.0184
    14 -> 22        0.69846
Excited State  13:      9.45981 eV    131.06 nm  f=0.0000
    14 -> 20        0.69864
    14 -> 21        0.10902
Excited State  14:      9.51227 eV    130.34 nm  f=0.0153
    14 -> 24        0.66241
    14 -> 28       -0.23551
Excited State  15:      9.51237 eV    130.34 nm  f=0.0153
    14 -> 23        0.66237
    14 -> 27       -0.23561
Excited State  16:      9.62457 eV    128.82 nm  f=0.0000
    14 -> 20       -0.10906
    14 -> 21        0.69853
##################################################
begin SCF-LOSC calculation.
converged SCF energy = -256.180263480191
##################################################
TD-LOSC-B3LYP
TD-SCF states [5] not converged.
Excited State energies (eV)
[ 4.57362679  4.57362694  6.90433777  8.19862526  8.19881341  8.23728236
  8.23728319  9.22393573  9.73337311 10.21545059 10.2159973  10.4526387
 10.47192697 10.4722362  11.393647   11.39366825]

** Singlet excitation energies and oscillator strengths **
Excited State   1:      4.57363 eV    271.09 nm  f=0.0001
    12 -> 15        0.46717
    13 -> 15       -0.53133
Old CO representation:
    12 -> 15        0.61913
    13 -> 15       -0.34324

Excited State   2:      4.57363 eV    271.09 nm  f=0.0001
    12 -> 15        0.34897
    13 -> 15        0.61544
Old CO representation:
    13 -> 15        0.69741

Excited State   3:      6.90434 eV    179.57 nm  f=0.0878
    14 -> 16       -0.69623
Old CO representation:
    14 -> 16       -0.69996

Excited State   4:      8.19863 eV    151.23 nm  f=0.0025
    14 -> 18       -0.69327
Old CO representation:
    14 -> 18        0.69061

Excited State   5:      8.19881 eV    151.22 nm  f=0.0025
    14 -> 17        0.69322
Old CO representation:
    14 -> 17        0.69057

Excited State   6:      8.23728 eV    150.52 nm  f=0.0000
     8 -> 15        0.43168
     9 -> 15        0.55864
Old CO representation:
     8 -> 15        0.22476
     9 -> 15        0.66969

Excited State   7:      8.23728 eV    150.52 nm  f=0.0000
     8 -> 15        0.36315
     9 -> 15       -0.60543
Old CO representation:
     8 -> 15        0.54191
     9 -> 15       -0.45314

Excited State   8:      9.22394 eV    134.42 nm  f=0.0009
    14 -> 19       -0.70095
Old CO representation:
    14 -> 19       -0.70079

Excited State   9:      9.73337 eV    127.38 nm  f=0.0129
    14 -> 20       -0.69396
Old CO representation:
    14 -> 22       -0.69803

Excited State  10:     10.21545 eV    121.37 nm  f=0.0176
    14 -> 24        0.60473
    14 -> 27        0.33555
Old CO representation:
    14 -> 24        0.63330
    14 -> 28       -0.29807

Excited State  11:     10.21600 eV    121.36 nm  f=0.0177
    14 -> 23       -0.60396
    14 -> 28        0.33684
Old CO representation:
    14 -> 23       -0.63256
    14 -> 27        0.29961

Excited State  12:     10.45264 eV    118.62 nm  f=0.0000
    14 -> 15       -0.70710
Old CO representation:
    14 -> 15       -0.70706

Excited State  13:     10.47193 eV    118.40 nm  f=0.0090
    14 -> 24       -0.33888
    14 -> 27        0.59101
Old CO representation:
    14 -> 24       -0.29286
    14 -> 28       -0.63247

Excited State  14:     10.47224 eV    118.39 nm  f=0.0089
    14 -> 23        0.34015
    14 -> 28        0.59029
Old CO representation:
    14 -> 23        0.29435
    14 -> 27        0.63175

Excited State  15:     11.39365 eV    108.82 nm  f=0.0890
    14 -> 29       -0.64285
    14 -> 30        0.27160
Old CO representation:
    14 -> 29       -0.63432
    14 -> 30        0.29343

Excited State  16:     11.39367 eV    108.82 nm  f=0.0892
    14 -> 29       -0.27216
    14 -> 30       -0.64265
Old CO representation:
    14 -> 29        0.29291
    14 -> 30        0.63460

##################################################
##################################################
TDA-LOSC-B3LYP
Excited State energies (eV)
[ 4.67182819  4.67182819  6.91779232  8.20187603  8.20206355  8.28436027
  8.28436027  9.28310315  9.74688613 10.22027191 10.22084567 10.45263872
 10.48730836 10.48758768 11.40833067 11.40835502]

** Singlet excitation energies and oscillator strengths **
Excited State   1:      4.67183 eV    265.39 nm  f=0.0000
    12 -> 15        0.69026
Old CO representation:
    12 -> 15        0.69940

Excited State   2:      4.67183 eV    265.39 nm  f=0.0000
    13 -> 15        0.69026
Old CO representation:
    13 -> 15        0.69940

Excited State   3:      6.91779 eV    179.23 nm  f=0.0921
    14 -> 16        0.69609
Old CO representation:
    14 -> 16        0.69983

Excited State   4:      8.20188 eV    151.17 nm  f=0.0028
    14 -> 18       -0.69329
Old CO representation:
    14 -> 18        0.69067

Excited State   5:      8.20206 eV    151.16 nm  f=0.0028
    14 -> 17        0.69325
Old CO representation:
    14 -> 17        0.69063

Excited State   6:      8.28436 eV    149.66 nm  f=0.0000
     8 -> 15        0.70538
Old CO representation:
     8 -> 15        0.66827
     9 -> 15        0.22708

Excited State   7:      8.28436 eV    149.66 nm  f=0.0000
     9 -> 15        0.70538
Old CO representation:
     8 -> 15       -0.22708
     9 -> 15        0.66827

Excited State   8:      9.28310 eV    133.56 nm  f=0.0005
    14 -> 19        0.69774
Old CO representation:
    14 -> 19        0.69614

Excited State   9:      9.74689 eV    127.20 nm  f=0.0143
    14 -> 20       -0.69424
Old CO representation:
    14 -> 22       -0.69700

Excited State  10:     10.22027 eV    121.31 nm  f=0.0179
    14 -> 24        0.61391
    14 -> 27        0.31750
Old CO representation:
    14 -> 24        0.64118
    14 -> 28       -0.27900

Excited State  11:     10.22085 eV    121.31 nm  f=0.0180
    14 -> 23        0.61322
    14 -> 28       -0.31873
Old CO representation:
    14 -> 23        0.64052
    14 -> 27       -0.28047

Excited State  12:     10.45264 eV    118.62 nm  f=0.0000
    14 -> 15       -0.70710
Old CO representation:
    14 -> 15       -0.70706

Excited State  13:     10.48731 eV    118.22 nm  f=0.0107
    14 -> 24        0.32200
    14 -> 27       -0.59827
Old CO representation:
    14 -> 24        0.27509
    14 -> 28        0.63938

Excited State  14:     10.48759 eV    118.22 nm  f=0.0107
    14 -> 23        0.32322
    14 -> 28        0.59763
Old CO representation:
    14 -> 23        0.27652
    14 -> 27        0.63874

Excited State  15:     11.40833 eV    108.68 nm  f=0.0957
    14 -> 29        0.66082
    14 -> 30       -0.21712
Old CO representation:
    14 -> 29        0.60615
    14 -> 30       -0.34345

Excited State  16:     11.40836 eV    108.68 nm  f=0.0959
    14 -> 29       -0.21714
    14 -> 30       -0.66085
Old CO representation:
    14 -> 29        0.34347
    14 -> 30        0.60619

##################################################












R = 30.0 Bohr
converged SCF energy = -256.180277463334
##################################################
TD-B3LYP
TD-SCF states [1, 2, 6, 7] not converged.
Excited State energies (eV)
[3.07814662 4.56519045 4.56519052 5.92872881 7.18767316 7.18807865
 8.22972603 8.22972635 8.30754707 8.30755258 8.54538334 8.95317104
 9.48652111 9.50817046 9.50825424 9.649946  ]

** Singlet excitation energies and oscillator strengths **
Excited State   1:      3.07815 eV    402.79 nm  f=0.0000
    14 -> 15       -0.70711
Excited State   2:      4.56519 eV    271.59 nm  f=0.0001
    12 -> 15        0.18073
    13 -> 15        0.68436
Excited State   3:      4.56519 eV    271.59 nm  f=0.0001
    12 -> 15        0.58815
    13 -> 15       -0.39382
Excited State   4:      5.92873 eV    209.12 nm  f=0.0708
    14 -> 16       -0.70355
Excited State   5:      7.18767 eV    172.50 nm  f=0.0028
    14 -> 17       -0.70115
Excited State   6:      7.18808 eV    172.49 nm  f=0.0028
    14 -> 18       -0.70115
Excited State   7:      8.22973 eV    150.65 nm  f=0.0000
     8 -> 15       -0.18491
     9 -> 15        0.68165
Excited State   8:      8.22973 eV    150.65 nm  f=0.0000
     8 -> 15       -0.18359
     9 -> 15       -0.68201
Excited State   9:      8.30755 eV    149.24 nm  f=0.0000
    11 -> 15       -0.70711
Excited State  10:      8.30755 eV    149.24 nm  f=0.0000
    10 -> 15        0.70711
Excited State  11:      8.54538 eV    145.09 nm  f=0.0008
    14 -> 19       -0.69982
Excited State  12:      8.95317 eV    138.48 nm  f=0.0166
    14 -> 22       -0.70136
Excited State  13:      9.48652 eV    130.70 nm  f=0.0000
    14 -> 20       -0.70292
Excited State  14:      9.50817 eV    130.40 nm  f=0.0151
    14 -> 24        0.65566
    14 -> 28       -0.25485
Excited State  15:      9.50825 eV    130.40 nm  f=0.0151
    14 -> 23        0.65563
    14 -> 27       -0.25491
Excited State  16:      9.64995 eV    128.48 nm  f=0.0000
    14 -> 21       -0.70290
##################################################
##################################################
TDA-B3LYP
Excited State energies (eV)
[3.07814663 4.66439091 4.66439091 5.94328117 7.19137939 7.19178545
 8.27721476 8.27721476 8.30754707 8.30755259 8.60402689 8.96864087
 9.48652111 9.51224027 9.5123185  9.649946  ]

** Singlet excitation energies and oscillator strengths **
Excited State   1:      3.07815 eV    402.79 nm  f=0.0000
    14 -> 15        0.70711
Excited State   2:      4.66439 eV    265.81 nm  f=0.0000
    12 -> 15        0.70566
Excited State   3:      4.66439 eV    265.81 nm  f=0.0000
    13 -> 15       -0.70566
Excited State   4:      5.94328 eV    208.61 nm  f=0.0748
    14 -> 16        0.70336
Excited State   5:      7.19138 eV    172.41 nm  f=0.0032
    14 -> 17        0.70127
Excited State   6:      7.19179 eV    172.40 nm  f=0.0032
    14 -> 18        0.70127
Excited State   7:      8.27721 eV    149.79 nm  f=0.0000
     9 -> 15        0.70567
Excited State   8:      8.27721 eV    149.79 nm  f=0.0000
     8 -> 15       -0.70567
Excited State   9:      8.30755 eV    149.24 nm  f=0.0000
    11 -> 15       -0.70711
Excited State  10:      8.30755 eV    149.24 nm  f=0.0000
    10 -> 15       -0.70711
Excited State  11:      8.60403 eV    144.10 nm  f=0.0003
    14 -> 19       -0.69343
Excited State  12:      8.96864 eV    138.24 nm  f=0.0184
    14 -> 22       -0.69854
Excited State  13:      9.48652 eV    130.70 nm  f=0.0000
    14 -> 20        0.70292
Excited State  14:      9.51224 eV    130.34 nm  f=0.0153
    14 -> 24       -0.66240
    14 -> 28        0.23554
Excited State  15:      9.51232 eV    130.34 nm  f=0.0153
    14 -> 23       -0.66238
    14 -> 27        0.23558
Excited State  16:      9.64995 eV    128.48 nm  f=0.0000
    14 -> 21       -0.70290
##################################################
begin SCF-LOSC calculation.
converged SCF energy = -256.180261956124
##################################################
TD-LOSC-B3LYP
Excited State energies (eV)
[ 4.57355535  4.57355561  6.90465176  8.19893495  8.19911861  8.2371886
  8.2371887   9.22416521  9.73349176 10.2154896  10.21603069 10.47199466
 10.47229497 10.6145857  11.39364849 11.39366976]

** Singlet excitation energies and oscillator strengths **
Excited State   1:      4.57356 eV    271.09 nm  f=0.0001
    12 -> 15        0.69135
Old CO representation:
    12 -> 15        0.68367

Excited State   2:      4.57356 eV    271.09 nm  f=0.0001
    13 -> 15       -0.70740
Old CO representation:
    13 -> 15       -0.70640

Excited State   3:      6.90465 eV    179.57 nm  f=0.0877
    14 -> 16        0.69622
Old CO representation:
    14 -> 16        0.69996

Excited State   4:      8.19893 eV    151.22 nm  f=0.0025
    14 -> 18        0.69311
Old CO representation:
    14 -> 18       -0.69033

Excited State   5:      8.19912 eV    151.22 nm  f=0.0025
    14 -> 17        0.69306
Old CO representation:
    14 -> 17        0.69029

Excited State   6:      8.23719 eV    150.52 nm  f=0.0000
     8 -> 15       -0.65160
     9 -> 15       -0.27174
Old CO representation:
     8 -> 15       -0.65575
     9 -> 15       -0.26266

Excited State   7:      8.23719 eV    150.52 nm  f=0.0000
     9 -> 15       -0.68013
Old CO representation:
     9 -> 15       -0.68314

Excited State   8:      9.22417 eV    134.41 nm  f=0.0009
    14 -> 19        0.70095
Old CO representation:
    14 -> 19        0.70079

Excited State   9:      9.73349 eV    127.38 nm  f=0.0129
    14 -> 20        0.69394
Old CO representation:
    14 -> 22        0.69810

Excited State  10:     10.21549 eV    121.37 nm  f=0.0176
    14 -> 24        0.60463
    14 -> 27        0.33573
Old CO representation:
    14 -> 24        0.63325
    14 -> 28       -0.29817

Excited State  11:     10.21603 eV    121.36 nm  f=0.0177
    14 -> 23        0.60386
    14 -> 28       -0.33700
Old CO representation:
    14 -> 23        0.63251
    14 -> 27       -0.29969

Excited State  12:     10.47199 eV    118.40 nm  f=0.0090
    14 -> 24       -0.33911
    14 -> 27        0.59074
Old CO representation:
    14 -> 24       -0.29295
    14 -> 28       -0.63243

Excited State  13:     10.47229 eV    118.39 nm  f=0.0089
    14 -> 23       -0.34036
    14 -> 28       -0.59001
Old CO representation:
    14 -> 23       -0.29442
    14 -> 27       -0.63171

Excited State  14:     10.61459 eV    116.81 nm  f=0.0000
    14 -> 15       -0.70711
Old CO representation:
    14 -> 15       -0.70706

Excited State  15:     11.39365 eV    108.82 nm  f=0.0891
    14 -> 29       -0.63957
    14 -> 30        0.27925
Old CO representation:
    14 -> 29       -0.63771
    14 -> 30        0.28600

Excited State  16:     11.39367 eV    108.82 nm  f=0.0892
    14 -> 29        0.27984
    14 -> 30        0.63935
Old CO representation:
    14 -> 29       -0.28544
    14 -> 30       -0.63800

##################################################
##################################################
TDA-LOSC-B3LYP
Excited State energies (eV)
[ 4.67175768  4.67175768  6.91810768  8.20218555  8.20236856  8.28426629
  8.28426629  9.28333646  9.74700304 10.22031094 10.2208787  10.48737523
 10.48764611 10.61458571 11.40833323 11.40835755]

** Singlet excitation energies and oscillator strengths **
Excited State   1:      4.67176 eV    265.39 nm  f=0.0000
    12 -> 15        0.70013
Old CO representation:
    12 -> 15        0.69552

Excited State   2:      4.67176 eV    265.39 nm  f=0.0000
    13 -> 15       -0.70013
Old CO representation:
    13 -> 15       -0.69552

Excited State   3:      6.91811 eV    179.22 nm  f=0.0920
    14 -> 16       -0.69608
Old CO representation:
    14 -> 16       -0.69982

Excited State   4:      8.20219 eV    151.16 nm  f=0.0028
    14 -> 18       -0.69313
Old CO representation:
    14 -> 18        0.69038

Excited State   5:      8.20237 eV    151.16 nm  f=0.0028
    14 -> 17        0.69309
Old CO representation:
    14 -> 17        0.69034

Excited State   6:      8.28427 eV    149.66 nm  f=0.0000
     8 -> 15        0.70430
Old CO representation:
     8 -> 15        0.70519

Excited State   7:      8.28427 eV    149.66 nm  f=0.0000
     9 -> 15       -0.70430
Old CO representation:
     9 -> 15       -0.70519

Excited State   8:      9.28334 eV    133.56 nm  f=0.0005
    14 -> 19       -0.69775
Old CO representation:
    14 -> 19       -0.69615

Excited State   9:      9.74700 eV    127.20 nm  f=0.0143
    14 -> 20        0.69423
Old CO representation:
    14 -> 22        0.69707

Excited State  10:     10.22031 eV    121.31 nm  f=0.0179
    14 -> 24       -0.61381
    14 -> 27       -0.31768
Old CO representation:
    14 -> 24       -0.64113
    14 -> 28        0.27910

Excited State  11:     10.22088 eV    121.30 nm  f=0.0180
    14 -> 23        0.61312
    14 -> 28       -0.31890
Old CO representation:
    14 -> 23        0.64047
    14 -> 27       -0.28056

Excited State  12:     10.48738 eV    118.22 nm  f=0.0107
    14 -> 24        0.32224
    14 -> 27       -0.59798
Old CO representation:
    14 -> 24        0.27518
    14 -> 28        0.63933

Excited State  13:     10.48765 eV    118.22 nm  f=0.0107
    14 -> 23        0.32344
    14 -> 28        0.59734
Old CO representation:
    14 -> 23        0.27660
    14 -> 27        0.63870

Excited State  14:     10.61459 eV    116.81 nm  f=0.0000
    14 -> 15       -0.70711
Old CO representation:
    14 -> 15       -0.70706

Excited State  15:     11.40833 eV    108.68 nm  f=0.0957
    14 -> 29        0.65807
    14 -> 30       -0.22531
Old CO representation:
    14 -> 29        0.61029
    14 -> 30       -0.33605

Excited State  16:     11.40836 eV    108.68 nm  f=0.0959
    14 -> 29        0.22533
    14 -> 30        0.65811
Old CO representation:
    14 -> 29       -0.33606
    14 -> 30       -0.61033

##################################################












R = 35.0 Bohr
converged SCF energy = -256.180276821804
##################################################
TD-B3LYP
TD-SCF states [1, 6, 7] not converged.
Excited State energies (eV)
[3.09755605 4.5651605  4.56516145 5.92869909 7.18762613 7.18803876
 8.22968418 8.22968497 8.32602549 8.326031   8.54544788 8.95312992
 9.50658151 9.50815975 9.50823546 9.66944985]

** Singlet excitation energies and oscillator strengths **
Excited State   1:      3.09756 eV    400.26 nm  f=0.0000
    14 -> 15        0.70711
Excited State   2:      4.56516 eV    271.59 nm  f=0.0001
    13 -> 15       -0.70759
Excited State   3:      4.56516 eV    271.59 nm  f=0.0001
    12 -> 15       -0.70780
Excited State   4:      5.92870 eV    209.13 nm  f=0.0708
    14 -> 16       -0.70355
Excited State   5:      7.18763 eV    172.50 nm  f=0.0028
    14 -> 17       -0.70115
Excited State   6:      7.18804 eV    172.49 nm  f=0.0028
    14 -> 18        0.70115
Excited State   7:      8.22968 eV    150.65 nm  f=0.0000
     8 -> 15       -0.54716
     9 -> 15        0.44661
Excited State   8:      8.22968 eV    150.65 nm  f=0.0000
     8 -> 15        0.70211
Excited State   9:      8.32603 eV    148.91 nm  f=0.0000
    11 -> 15        0.70711
Excited State  10:      8.32603 eV    148.91 nm  f=0.0000
    10 -> 15        0.70711
Excited State  11:      8.54545 eV    145.09 nm  f=0.0008
    14 -> 19        0.69982
Excited State  12:      8.95313 eV    138.48 nm  f=0.0166
    14 -> 22       -0.70136
Excited State  13:      9.50658 eV    130.42 nm  f=0.0000
    14 -> 20       -0.70481
Excited State  14:      9.50816 eV    130.40 nm  f=0.0151
    14 -> 24       -0.65565
    14 -> 28        0.25486
Excited State  15:      9.50824 eV    130.40 nm  f=0.0151
    14 -> 23       -0.65563
    14 -> 27        0.25490
Excited State  16:      9.66945 eV    128.22 nm  f=0.0000
    14 -> 21       -0.70480
##################################################
##################################################
TDA-B3LYP
Excited State energies (eV)
[3.09755605 4.66436121 4.66436121 5.94325218 7.19133244 7.19174563
 8.27717341 8.27717341 8.32602549 8.326031   8.60408988 8.96860146
 9.50658151 9.5122288  9.51229848 9.66944985]

** Singlet excitation energies and oscillator strengths **
Excited State   1:      3.09756 eV    400.26 nm  f=0.0000
    14 -> 15        0.70711
Excited State   2:      4.66436 eV    265.81 nm  f=0.0000
    13 -> 15       -0.70575
Excited State   3:      4.66436 eV    265.81 nm  f=0.0000
    12 -> 15        0.70575
Excited State   4:      5.94325 eV    208.61 nm  f=0.0748
    14 -> 16        0.70336
Excited State   5:      7.19133 eV    172.41 nm  f=0.0032
    14 -> 17        0.70127
Excited State   6:      7.19175 eV    172.40 nm  f=0.0032
    14 -> 18       -0.70127
Excited State   7:      8.27717 eV    149.79 nm  f=0.0000
     9 -> 15        0.70567
Excited State   8:      8.27717 eV    149.79 nm  f=0.0000
     8 -> 15       -0.70567
Excited State   9:      8.32603 eV    148.91 nm  f=0.0000
    11 -> 15       -0.70711
Excited State  10:      8.32603 eV    148.91 nm  f=0.0000
    10 -> 15        0.70711
Excited State  11:      8.60409 eV    144.10 nm  f=0.0003
    14 -> 19       -0.69342
Excited State  12:      8.96860 eV    138.24 nm  f=0.0184
    14 -> 22        0.69853
Excited State  13:      9.50658 eV    130.42 nm  f=0.0000
    14 -> 20        0.70481
Excited State  14:      9.51223 eV    130.34 nm  f=0.0153
    14 -> 24       -0.66240
    14 -> 28        0.23555
Excited State  15:      9.51230 eV    130.34 nm  f=0.0153
    14 -> 23        0.66239
    14 -> 27       -0.23557
Excited State  16:      9.66945 eV    128.22 nm  f=0.0000
    14 -> 21        0.70480
##################################################
begin SCF-LOSC calculation.
converged SCF energy = -256.180261311201
##################################################
TD-LOSC-B3LYP
Excited State energies (eV)
[ 4.57351865  4.57351869  6.90486399  8.19915243  8.19933416  8.23713822
  8.23713879  9.22426211  9.73358368 10.21552182 10.21606043 10.47206007
 10.4723565  10.73218163 11.39365269 11.39367396]

** Singlet excitation energies and oscillator strengths **
Excited State   1:      4.57352 eV    271.09 nm  f=0.0001
    13 -> 15        0.69486
Old CO representation:
    12 -> 15        0.70726

Excited State   2:      4.57352 eV    271.09 nm  f=0.0001
    12 -> 15        0.47510
    13 -> 15        0.52424
Old CO representation:
    12 -> 15        0.40119
    13 -> 15        0.58325

Excited State   3:      6.90486 eV    179.56 nm  f=0.0876
    14 -> 16       -0.69622
Old CO representation:
    14 -> 16       -0.69995

Excited State   4:      8.19915 eV    151.22 nm  f=0.0025
    14 -> 18        0.69303
Old CO representation:
    14 -> 18       -0.69019

Excited State   5:      8.19933 eV    151.21 nm  f=0.0025
    14 -> 17       -0.69298
Old CO representation:
    14 -> 17       -0.69015

Excited State   6:      8.23714 eV    150.52 nm  f=0.0000
     8 -> 15        0.50453
     9 -> 15       -0.49384
Old CO representation:
     8 -> 15        0.60819
     9 -> 15       -0.35932

Excited State   7:      8.23714 eV    150.52 nm  f=0.0000
     8 -> 15       -0.29250
     9 -> 15       -0.64254
Old CO representation:
     9 -> 15       -0.69420

Excited State   8:      9.22426 eV    134.41 nm  f=0.0009
    14 -> 19        0.70094
Old CO representation:
    14 -> 19        0.70079

Excited State   9:      9.73358 eV    127.38 nm  f=0.0129
    14 -> 20       -0.69393
Old CO representation:
    14 -> 22       -0.69810

Excited State  10:     10.21552 eV    121.37 nm  f=0.0176
    14 -> 24        0.60455
    14 -> 27        0.33585
Old CO representation:
    14 -> 24        0.63322
    14 -> 28       -0.29822

Excited State  11:     10.21606 eV    121.36 nm  f=0.0177
    14 -> 23        0.60379
    14 -> 28       -0.33711
Old CO representation:
    14 -> 23        0.63249
    14 -> 27       -0.29973

Excited State  12:     10.47206 eV    118.40 nm  f=0.0090
    14 -> 24       -0.33925
    14 -> 27        0.59060
Old CO representation:
    14 -> 24       -0.29300
    14 -> 28       -0.63240

Excited State  13:     10.47236 eV    118.39 nm  f=0.0089
    14 -> 23       -0.34050
    14 -> 28       -0.58984
Old CO representation:
    14 -> 23       -0.29447
    14 -> 27       -0.63169

Excited State  14:     10.73218 eV    115.53 nm  f=0.0000
    14 -> 15        0.70711
Old CO representation:
    14 -> 15        0.70706

Excited State  15:     11.39365 eV    108.82 nm  f=0.0891
    14 -> 29       -0.63815
    14 -> 30        0.28248
Old CO representation:
    14 -> 29        0.63917
    14 -> 30        0.28272

Excited State  16:     11.39367 eV    108.82 nm  f=0.0892
    14 -> 29        0.28136
    14 -> 30        0.63868
Old CO representation:
    14 -> 29        0.28387
    14 -> 30       -0.63870

##################################################
##################################################
TDA-LOSC-B3LYP
Excited State energies (eV)
[ 4.67172116  4.67172116  6.91832037  8.20240285  8.20258395  8.28421629
  8.28421629  9.28343571  9.74709378 10.22034356 10.22090863 10.48744002
 10.48770714 10.73218164 11.40833809 11.40836239]

** Singlet excitation energies and oscillator strengths **
Excited State   1:      4.67172 eV    265.39 nm  f=0.0000
    12 -> 15        0.70073
Old CO representation:
    12 -> 15       -0.24062
    13 -> 15        0.66358

Excited State   2:      4.67172 eV    265.39 nm  f=0.0000
    13 -> 15       -0.70073
Old CO representation:
    12 -> 15       -0.66358
    13 -> 15       -0.24062

Excited State   3:      6.91832 eV    179.21 nm  f=0.0920
    14 -> 16        0.69607
Old CO representation:
    14 -> 16        0.69982

Excited State   4:      8.20240 eV    151.16 nm  f=0.0028
    14 -> 18       -0.69305
Old CO representation:
    14 -> 18        0.69024

Excited State   5:      8.20258 eV    151.15 nm  f=0.0028
    14 -> 17        0.69301
Old CO representation:
    14 -> 17        0.69020

Excited State   6:      8.28422 eV    149.66 nm  f=0.0000
     8 -> 15       -0.70507
Old CO representation:
     8 -> 15       -0.68002

Excited State   7:      8.28422 eV    149.66 nm  f=0.0000
     9 -> 15        0.70507
Old CO representation:
     9 -> 15        0.68002

Excited State   8:      9.28344 eV    133.55 nm  f=0.0005
    14 -> 19        0.69775
Old CO representation:
    14 -> 19        0.69615

Excited State   9:      9.74709 eV    127.20 nm  f=0.0143
    14 -> 20       -0.69423
Old CO representation:
    14 -> 22       -0.69707

Excited State  10:     10.22034 eV    121.31 nm  f=0.0179
    14 -> 24        0.61374
    14 -> 27        0.31781
Old CO representation:
    14 -> 24        0.64110
    14 -> 28       -0.27916

Excited State  11:     10.22091 eV    121.30 nm  f=0.0180
    14 -> 23        0.61305
    14 -> 28       -0.31902
Old CO representation:
    14 -> 23        0.64045
    14 -> 27       -0.28061

Excited State  12:     10.48744 eV    118.22 nm  f=0.0107
    14 -> 24       -0.32239
    14 -> 27        0.59783
Old CO representation:
    14 -> 24       -0.27523
    14 -> 28       -0.63930

Excited State  13:     10.48771 eV    118.22 nm  f=0.0107
    14 -> 23       -0.32358
    14 -> 28       -0.59720
Old CO representation:
    14 -> 23       -0.27664
    14 -> 27       -0.63867

Excited State  14:     10.73218 eV    115.53 nm  f=0.0000
    14 -> 15        0.70711
Old CO representation:
    14 -> 15        0.70706

Excited State  15:     11.40834 eV    108.68 nm  f=0.0958
    14 -> 29       -0.65716
    14 -> 30        0.22794
Old CO representation:
    14 -> 29        0.61165
    14 -> 30        0.33356

Excited State  16:     11.40836 eV    108.68 nm  f=0.0959
    14 -> 29       -0.22796
    14 -> 30       -0.65720
Old CO representation:
    14 -> 29       -0.33357
    14 -> 30        0.61169

##################################################












R = 40.0 Bohr
converged SCF energy = -256.18027651381
##################################################
TD-B3LYP
TD-SCF states [1, 6, 7, 10] not converged.
Excited State energies (eV)
[3.11277367 4.56514524 4.56514698 5.92868457 7.18760415 7.1880202
 8.229663   8.22966945 8.34064078 8.34064629 8.54547919 8.95311038
 9.5081555  9.50822731 9.52216202 9.68477611]

** Singlet excitation energies and oscillator strengths **
Excited State   1:      3.11277 eV    398.31 nm  f=0.0000
    14 -> 15       -0.70711
Excited State   2:      4.56515 eV    271.59 nm  f=0.0001
    12 -> 15        0.51298
    13 -> 15       -0.48771
Excited State   3:      4.56515 eV    271.59 nm  f=0.0001
    12 -> 15       -0.47421
    13 -> 15       -0.52549
Excited State   4:      5.92868 eV    209.13 nm  f=0.0708
    14 -> 16        0.70355
Excited State   5:      7.18760 eV    172.50 nm  f=0.0028
    14 -> 17       -0.70115
Excited State   6:      7.18802 eV    172.49 nm  f=0.0028
    14 -> 18        0.70115
Excited State   7:      8.22966 eV    150.66 nm  f=0.0000
     8 -> 15        0.22573
     9 -> 15       -0.66925
Excited State   8:      8.22967 eV    150.66 nm  f=0.0000
     8 -> 15       -0.51470
     9 -> 15        0.48366
Excited State   9:      8.34064 eV    148.65 nm  f=0.0000
    11 -> 15        0.70711
Excited State  10:      8.34065 eV    148.65 nm  f=0.0000
    10 -> 15       -0.70711
Excited State  11:      8.54548 eV    145.09 nm  f=0.0008
    14 -> 19       -0.69982
Excited State  12:      8.95311 eV    138.48 nm  f=0.0166
    14 -> 22        0.70136
Excited State  13:      9.50816 eV    130.40 nm  f=0.0151
    14 -> 24       -0.65565
    14 -> 28        0.25487
Excited State  14:      9.50823 eV    130.40 nm  f=0.0151
    14 -> 23       -0.65564
    14 -> 27        0.25489
Excited State  15:      9.52216 eV    130.21 nm  f=0.0000
    14 -> 20        0.70574
Excited State  16:      9.68478 eV    128.02 nm  f=0.0000
    14 -> 21        0.70574
##################################################
##################################################
TDA-B3LYP
Excited State energies (eV)
[3.11277367 4.66434689 4.66434689 5.94323806 7.19131053 7.19172719
 8.27715343 8.27715343 8.34064078 8.34064629 8.60412059 8.96858254
 9.51222424 9.51228976 9.52216202 9.68477611]

** Singlet excitation energies and oscillator strengths **
Excited State   1:      3.11277 eV    398.31 nm  f=0.0000
    14 -> 15        0.70711
Excited State   2:      4.66435 eV    265.81 nm  f=0.0000
    12 -> 15        0.53336
    13 -> 15       -0.46218
Excited State   3:      4.66435 eV    265.81 nm  f=0.0000
    12 -> 15        0.46218
    13 -> 15        0.53336
Excited State   4:      5.94324 eV    208.61 nm  f=0.0748
    14 -> 16       -0.70336
Excited State   5:      7.19131 eV    172.41 nm  f=0.0032
    14 -> 17        0.70127
Excited State   6:      7.19173 eV    172.40 nm  f=0.0032
    14 -> 18       -0.70127
Excited State   7:      8.27715 eV    149.79 nm  f=0.0000
     8 -> 15       -0.64565
     9 -> 15       -0.28480
Excited State   8:      8.27715 eV    149.79 nm  f=0.0000
     8 -> 15       -0.28480
     9 -> 15        0.64565
Excited State   9:      8.34064 eV    148.65 nm  f=0.0000
    11 -> 15        0.70711
Excited State  10:      8.34065 eV    148.65 nm  f=0.0000
    10 -> 15        0.70711
Excited State  11:      8.60412 eV    144.10 nm  f=0.0003
    14 -> 19        0.69342
Excited State  12:      8.96858 eV    138.24 nm  f=0.0184
    14 -> 22        0.69853
Excited State  13:      9.51222 eV    130.34 nm  f=0.0153
    14 -> 24        0.66239
    14 -> 28       -0.23555
Excited State  14:      9.51229 eV    130.34 nm  f=0.0153
    14 -> 23        0.66239
    14 -> 27       -0.23556
Excited State  15:      9.52216 eV    130.21 nm  f=0.0000
    14 -> 20        0.70574
Excited State  16:      9.68478 eV    128.02 nm  f=0.0000
    14 -> 21       -0.70574
##################################################
begin SCF-LOSC calculation.
converged SCF energy = -256.180261000947
##################################################
TD-LOSC-B3LYP
TD-SCF states [14, 15] not converged.
Excited State energies (eV)
[ 4.5734994   4.57349953  6.90501209  8.19930623  8.19948727  8.23711851
  8.23711851  9.22431513  9.7336563  10.21554723 10.21608468 10.47211618
 10.47241054 10.82148354 11.39365665 11.39367814]

** Singlet excitation energies and oscillator strengths **
Excited State   1:      4.57350 eV    271.09 nm  f=0.0001
    12 -> 15       -0.34651
    13 -> 15       -0.61683
Old CO representation:
    12 -> 15       -0.66710
    13 -> 15        0.23688

Excited State   2:      4.57350 eV    271.09 nm  f=0.0001
    12 -> 15        0.63620
    13 -> 15       -0.30952
Old CO representation:
    13 -> 15       -0.67991

Excited State   3:      6.90501 eV    179.56 nm  f=0.0876
    14 -> 16        0.69622
Old CO representation:
    14 -> 16        0.69995

Excited State   4:      8.19931 eV    151.21 nm  f=0.0025
    14 -> 18       -0.69300
Old CO representation:
    14 -> 18        0.69018

Excited State   5:      8.19949 eV    151.21 nm  f=0.0025
    14 -> 17        0.69296
Old CO representation:
    14 -> 17        0.69015

Excited State   6:      8.23712 eV    150.52 nm  f=0.0000
     8 -> 15       -0.59976
     9 -> 15        0.37244
Old CO representation:
     8 -> 15        0.21026
     9 -> 15       -0.67438

Excited State   7:      8.23712 eV    150.52 nm  f=0.0000
     8 -> 15       -0.30955
     9 -> 15       -0.63451
Old CO representation:
     8 -> 15       -0.69226

Excited State   8:      9.22432 eV    134.41 nm  f=0.0009
    14 -> 19       -0.70094
Old CO representation:
    14 -> 19       -0.70080

Excited State   9:      9.73366 eV    127.38 nm  f=0.0129
    14 -> 20       -0.69392
Old CO representation:
    14 -> 22       -0.69810

Excited State  10:     10.21555 eV    121.37 nm  f=0.0176
    14 -> 24        0.60450
    14 -> 27        0.33600
Old CO representation:
    14 -> 24        0.63320
    14 -> 28       -0.29826

Excited State  11:     10.21608 eV    121.36 nm  f=0.0177
    14 -> 23        0.60374
    14 -> 28       -0.33726
Old CO representation:
    14 -> 23        0.63247
    14 -> 27       -0.29977

Excited State  12:     10.47212 eV    118.39 nm  f=0.0090
    14 -> 24       -0.33935
    14 -> 27        0.59064
Old CO representation:
    14 -> 24       -0.29304
    14 -> 28       -0.63238

Excited State  13:     10.47241 eV    118.39 nm  f=0.0089
    14 -> 23       -0.34060
    14 -> 28       -0.58996
Old CO representation:
    14 -> 23       -0.29450
    14 -> 27       -0.63167

Excited State  14:     10.82148 eV    114.57 nm  f=0.0000
    14 -> 15       -0.70711
Old CO representation:
    14 -> 15       -0.70706

Excited State  15:     11.39366 eV    108.82 nm  f=0.0891
    14 -> 29       -0.63362
    14 -> 30        0.29249
Old CO representation:
    14 -> 29       -0.64322
    14 -> 30        0.27338

Excited State  16:     11.39368 eV    108.82 nm  f=0.0893
    14 -> 29        0.28897
    14 -> 30        0.63528
Old CO representation:
    14 -> 29       -0.27697
    14 -> 30       -0.64172

##################################################
##################################################
TDA-LOSC-B3LYP
Excited State energies (eV)
[ 4.67170228  4.67170228  6.91846864  8.20255654  8.20273695  8.2841965
  8.2841965   9.28349067  9.74716526 10.22036942 10.22093329 10.48749536
 10.48776065 10.82148354 11.40834251 11.40836682]

** Singlet excitation energies and oscillator strengths **
Excited State   1:      4.67170 eV    265.39 nm  f=0.0000
    12 -> 15        0.70075
Old CO representation:
    13 -> 15       -0.70480

Excited State   2:      4.67170 eV    265.39 nm  f=0.0000
    13 -> 15       -0.70075
Old CO representation:
    12 -> 15       -0.70480

Excited State   3:      6.91847 eV    179.21 nm  f=0.0919
    14 -> 16        0.69607
Old CO representation:
    14 -> 16        0.69982

Excited State   4:      8.20256 eV    151.15 nm  f=0.0028
    14 -> 18        0.69303
Old CO representation:
    14 -> 18       -0.69023

Excited State   5:      8.20274 eV    151.15 nm  f=0.0028
    14 -> 17       -0.69298
Old CO representation:
    14 -> 17       -0.69019

Excited State   6:      8.28420 eV    149.66 nm  f=0.0000
     8 -> 15        0.70535
Old CO representation:
     9 -> 15        0.68121

Excited State   7:      8.28420 eV    149.66 nm  f=0.0000
     9 -> 15        0.70535
Old CO representation:
     8 -> 15        0.68121

Excited State   8:      9.28349 eV    133.55 nm  f=0.0005
    14 -> 19        0.69775
Old CO representation:
    14 -> 19        0.69615

Excited State   9:      9.74717 eV    127.20 nm  f=0.0143
    14 -> 20        0.69422
Old CO representation:
    14 -> 22        0.69707

Excited State  10:     10.22037 eV    121.31 nm  f=0.0179
    14 -> 24       -0.61369
    14 -> 27       -0.31796
Old CO representation:
    14 -> 24       -0.64108
    14 -> 28        0.27920

Excited State  11:     10.22093 eV    121.30 nm  f=0.0180
    14 -> 23       -0.61300
    14 -> 28        0.31917
Old CO representation:
    14 -> 23       -0.64043
    14 -> 27        0.28064

Excited State  12:     10.48750 eV    118.22 nm  f=0.0107
    14 -> 24       -0.32249
    14 -> 27        0.59789
Old CO representation:
    14 -> 24       -0.27527
    14 -> 28       -0.63928

Excited State  13:     10.48776 eV    118.22 nm  f=0.0107
    14 -> 23        0.32368
    14 -> 28        0.59726
Old CO representation:
    14 -> 23        0.27668
    14 -> 27        0.63865

Excited State  14:     10.82148 eV    114.57 nm  f=0.0000
    14 -> 15        0.70711
Old CO representation:
    14 -> 15        0.70706

Excited State  15:     11.40834 eV    108.68 nm  f=0.0958
    14 -> 29       -0.65445
    14 -> 30        0.23562
Old CO representation:
    14 -> 29       -0.61514
    14 -> 30        0.32709

Excited State  16:     11.40837 eV    108.68 nm  f=0.0959
    14 -> 29        0.23564
    14 -> 30        0.65449
Old CO representation:
    14 -> 29       -0.32711
    14 -> 30       -0.61518

##################################################












R = 45.0 Bohr
converged SCF energy = -256.180276351342
##################################################
TD-B3LYP
TD-SCF states [6, 7, 9] not converged.
Excited State energies (eV)
[3.12497401 4.56514038 4.56514055 5.92864578 7.18756071 7.18797779
 8.22965345 8.22965642 8.35243616 8.35244167 8.5454632  8.95307091
 9.50811967 9.50819009 9.53456799 9.69705689]

** Singlet excitation energies and oscillator strengths **
Excited State   1:      3.12497 eV    396.75 nm  f=0.0000
    14 -> 15        0.70711
Excited State   2:      4.56514 eV    271.59 nm  f=0.0001
    12 -> 15        0.57902
    13 -> 15        0.40712
Excited State   3:      4.56514 eV    271.59 nm  f=0.0001
    12 -> 15       -0.36356
    13 -> 15        0.60732
Excited State   4:      5.92865 eV    209.13 nm  f=0.0708
    14 -> 16        0.70355
Excited State   5:      7.18756 eV    172.50 nm  f=0.0028
    14 -> 17       -0.70115
Excited State   6:      7.18798 eV    172.49 nm  f=0.0028
    14 -> 18       -0.70115
Excited State   7:      8.22965 eV    150.66 nm  f=0.0000
     8 -> 15        0.61012
     9 -> 15        0.35581
Excited State   8:      8.22966 eV    150.66 nm  f=0.0000
     8 -> 15       -0.21337
     9 -> 15        0.67329
Excited State   9:      8.35244 eV    148.44 nm  f=0.0000
    11 -> 15       -0.70711
Excited State  10:      8.35244 eV    148.44 nm  f=0.0000
    10 -> 15        0.70711
Excited State  11:      8.54546 eV    145.09 nm  f=0.0008
    14 -> 19        0.69982
Excited State  12:      8.95307 eV    138.48 nm  f=0.0166
    14 -> 22       -0.70136
Excited State  13:      9.50812 eV    130.40 nm  f=0.0151
    14 -> 24        0.65565
    14 -> 28        0.25487
Excited State  14:      9.50819 eV    130.40 nm  f=0.0151
    14 -> 23       -0.65564
    14 -> 27        0.25489
Excited State  15:      9.53457 eV    130.04 nm  f=0.0000
    14 -> 20       -0.70625
Excited State  16:      9.69706 eV    127.86 nm  f=0.0000
    14 -> 21        0.70625
##################################################
##################################################
TDA-B3LYP
Excited State energies (eV)
[3.12497402 4.66434047 4.66434047 5.94319941 7.19126704 7.19168475
 8.27714494 8.27714494 8.35243616 8.35244167 8.60410428 8.96854373
 9.51218822 9.51225229 9.53456799 9.69705689]

** Singlet excitation energies and oscillator strengths **
Excited State   1:      3.12497 eV    396.75 nm  f=0.0000
    14 -> 15        0.70711
Excited State   2:      4.66434 eV    265.81 nm  f=0.0000
    12 -> 15        0.60848
    13 -> 15        0.35754
Excited State   3:      4.66434 eV    265.81 nm  f=0.0000
    12 -> 15       -0.35754
    13 -> 15        0.60848
Excited State   4:      5.94320 eV    208.62 nm  f=0.0747
    14 -> 16        0.70336
Excited State   5:      7.19127 eV    172.41 nm  f=0.0032
    14 -> 17       -0.70127
Excited State   6:      7.19168 eV    172.40 nm  f=0.0032
    14 -> 18       -0.70127
Excited State   7:      8.27714 eV    149.79 nm  f=0.0000
     8 -> 15       -0.66458
     9 -> 15       -0.23729
Excited State   8:      8.27714 eV    149.79 nm  f=0.0000
     8 -> 15        0.23729
     9 -> 15       -0.66458
Excited State   9:      8.35244 eV    148.44 nm  f=0.0000
    11 -> 15        0.70711
Excited State  10:      8.35244 eV    148.44 nm  f=0.0000
    10 -> 15        0.70711
Excited State  11:      8.60410 eV    144.10 nm  f=0.0003
    14 -> 19       -0.69342
Excited State  12:      8.96854 eV    138.24 nm  f=0.0184
    14 -> 22        0.69853
Excited State  13:      9.51219 eV    130.34 nm  f=0.0153
    14 -> 24       -0.66239
    14 -> 28       -0.23556
Excited State  14:      9.51225 eV    130.34 nm  f=0.0153
    14 -> 23       -0.66239
    14 -> 27        0.23556
Excited State  15:      9.53457 eV    130.04 nm  f=0.0000
    14 -> 20       -0.70625
Excited State  16:      9.69706 eV    127.86 nm  f=0.0000
    14 -> 21        0.70625
##################################################
begin SCF-LOSC calculation.
converged SCF energy = -256.180260832568
##################################################
TD-LOSC-B3LYP
TD-SCF states [6, 14, 15] not converged.
Excited State energies (eV)
[ 4.57349583  4.57349585  6.90516708  8.19946828  8.19964906  8.23710811
  8.23710811  9.22439457  9.73376198 10.2156172  10.21615432 10.47220607
 10.47250017 10.89165169 11.39371057 11.39373197]

** Singlet excitation energies and oscillator strengths **
Excited State   1:      4.57350 eV    271.09 nm  f=0.0001
    12 -> 15        0.61128
    13 -> 15        0.35621
Old CO representation:
    13 -> 15        0.70185

Excited State   2:      4.57350 eV    271.09 nm  f=0.0001
    12 -> 15       -0.47335
    13 -> 15       -0.52582
Old CO representation:
    12 -> 15       -0.30230
    13 -> 15       -0.64012

Excited State   3:      6.90517 eV    179.55 nm  f=0.0876
    14 -> 16       -0.69621
Old CO representation:
    14 -> 16       -0.69995

Excited State   4:      8.19947 eV    151.21 nm  f=0.0025
    14 -> 18        0.69298
Old CO representation:
    14 -> 18       -0.69013

Excited State   5:      8.19965 eV    151.21 nm  f=0.0025
    14 -> 17       -0.69293
Old CO representation:
    14 -> 17       -0.69008

Excited State   6:      8.23711 eV    150.52 nm  f=0.0000
     8 -> 15       -0.69988
Old CO representation:
     8 -> 15       -0.70263

Excited State   7:      8.23711 eV    150.52 nm  f=0.0000
     9 -> 15        0.69616
Old CO representation:
     9 -> 15        0.70477

Excited State   8:      9.22439 eV    134.41 nm  f=0.0009
    14 -> 19        0.70094
Old CO representation:
    14 -> 19        0.70080

Excited State   9:      9.73376 eV    127.38 nm  f=0.0129
    14 -> 20       -0.69392
Old CO representation:
    14 -> 22       -0.69810

Excited State  10:     10.21562 eV    121.37 nm  f=0.0176
    14 -> 24       -0.60445
    14 -> 27       -0.33602
Old CO representation:
    14 -> 24       -0.63318
    14 -> 28       -0.29829

Excited State  11:     10.21615 eV    121.36 nm  f=0.0177
    14 -> 23        0.60369
    14 -> 28       -0.33729
Old CO representation:
    14 -> 23        0.63246
    14 -> 27       -0.29979

Excited State  12:     10.47221 eV    118.39 nm  f=0.0090
    14 -> 24       -0.33943
    14 -> 27        0.59050
Old CO representation:
    14 -> 24       -0.29306
    14 -> 28        0.63237

Excited State  13:     10.47250 eV    118.39 nm  f=0.0089
    14 -> 23        0.34067
    14 -> 28        0.58978
Old CO representation:
    14 -> 23        0.29453
    14 -> 27        0.63166

Excited State  14:     10.89165 eV    113.83 nm  f=0.0000
    14 -> 15       -0.70711
Old CO representation:
    14 -> 15       -0.70706

Excited State  15:     11.39371 eV    108.82 nm  f=0.0891
    14 -> 29        0.63569
    14 -> 30       -0.28797
Old CO representation:
    14 -> 29        0.64150
    14 -> 30       -0.27740

Excited State  16:     11.39373 eV    108.82 nm  f=0.0893
    14 -> 29       -0.28625
    14 -> 30       -0.63650
Old CO representation:
    14 -> 29        0.27917
    14 -> 30        0.64077

##################################################
##################################################
TDA-LOSC-B3LYP
Excited State energies (eV)
[ 4.6716988   4.6716988   6.91862364  8.20271849  8.20289863  8.28418619
  8.28418619  9.28357137  9.74726996 10.2204399  10.2210034  10.48758465
 10.48784965 10.89165169 11.40839664 11.40842091]

** Singlet excitation energies and oscillator strengths **
Excited State   1:      4.67170 eV    265.39 nm  f=0.0000
    12 -> 15        0.45069
    13 -> 15       -0.54273
Old CO representation:
    12 -> 15       -0.67509
    13 -> 15        0.20614

Excited State   2:      4.67170 eV    265.39 nm  f=0.0000
    12 -> 15        0.54273
    13 -> 15        0.45069
Old CO representation:
    12 -> 15        0.20614
    13 -> 15        0.67509

Excited State   3:      6.91862 eV    179.20 nm  f=0.0919
    14 -> 16       -0.69607
Old CO representation:
    14 -> 16       -0.69982

Excited State   4:      8.20272 eV    151.15 nm  f=0.0028
    14 -> 18        0.69300
Old CO representation:
    14 -> 18       -0.69017

Excited State   5:      8.20290 eV    151.15 nm  f=0.0028
    14 -> 17        0.69296
Old CO representation:
    14 -> 17        0.69013

Excited State   6:      8.28419 eV    149.66 nm  f=0.0000
     9 -> 15        0.70528
Old CO representation:
     9 -> 15        0.68339

Excited State   7:      8.28419 eV    149.66 nm  f=0.0000
     8 -> 15       -0.70528
Old CO representation:
     8 -> 15       -0.68339

Excited State   8:      9.28357 eV    133.55 nm  f=0.0005
    14 -> 19       -0.69775
Old CO representation:
    14 -> 19       -0.69615

Excited State   9:      9.74727 eV    127.20 nm  f=0.0143
    14 -> 20        0.69422
Old CO representation:
    14 -> 22        0.69707

Excited State  10:     10.22044 eV    121.31 nm  f=0.0179
    14 -> 24        0.61364
    14 -> 27        0.31799
Old CO representation:
    14 -> 24        0.64107
    14 -> 28        0.27922

Excited State  11:     10.22100 eV    121.30 nm  f=0.0180
    14 -> 23        0.61295
    14 -> 28       -0.31919
Old CO representation:
    14 -> 23        0.64042
    14 -> 27       -0.28067

Excited State  12:     10.48758 eV    118.22 nm  f=0.0107
    14 -> 24       -0.32257
    14 -> 27        0.59773
Old CO representation:
    14 -> 24       -0.27530
    14 -> 28        0.63927

Excited State  13:     10.48785 eV    118.22 nm  f=0.0107
    14 -> 23        0.32376
    14 -> 28        0.59710
Old CO representation:
    14 -> 23        0.27670
    14 -> 27        0.63864

Excited State  14:     10.89165 eV    113.83 nm  f=0.0000
    14 -> 15        0.70711
Old CO representation:
    14 -> 15        0.70706

Excited State  15:     11.40840 eV    108.68 nm  f=0.0958
    14 -> 29        0.65566
    14 -> 30       -0.23224
Old CO representation:
    14 -> 29        0.61372
    14 -> 30       -0.32974

Excited State  16:     11.40842 eV    108.68 nm  f=0.0960
    14 -> 29       -0.23226
    14 -> 30       -0.65569
Old CO representation:
    14 -> 29        0.32975
    14 -> 30        0.61376

##################################################












R = 50.0 Bohr
converged SCF energy = -256.180276259009
##################################################
TD-B3LYP
TD-SCF states [6, 7, 12, 13] not converged.
Excited State energies (eV)
[3.13500077 4.56513618 4.56513618 5.92864155 7.18755462 7.18797261
 8.22965256 8.2296545  8.36216853 8.36217404 8.54547241 8.95306502
 9.50811879 9.50818818 9.54472832 9.70715709]

** Singlet excitation energies and oscillator strengths **
Excited State   1:      3.13500 eV    395.48 nm  f=0.0000
    14 -> 15       -0.70711
Excited State   2:      4.56514 eV    271.59 nm  f=0.0001
    12 -> 15        0.27129
    13 -> 15       -0.65377
Excited State   3:      4.56514 eV    271.59 nm  f=0.0001
    12 -> 15       -0.65307
    13 -> 15       -0.27297
Excited State   4:      5.92864 eV    209.13 nm  f=0.0707
    14 -> 16        0.70355
Excited State   5:      7.18755 eV    172.50 nm  f=0.0028
    14 -> 17       -0.70115
Excited State   6:      7.18797 eV    172.49 nm  f=0.0028
    14 -> 18        0.70115
Excited State   7:      8.22965 eV    150.66 nm  f=0.0000
     8 -> 15        0.16391
     9 -> 15       -0.68701
Excited State   8:      8.22965 eV    150.66 nm  f=0.0000
     8 -> 15        0.69807
     9 -> 15        0.10745
Excited State   9:      8.36217 eV    148.27 nm  f=0.0000
    11 -> 15       -0.70711
Excited State  10:      8.36217 eV    148.27 nm  f=0.0000
    10 -> 15        0.70711
Excited State  11:      8.54547 eV    145.09 nm  f=0.0008
    14 -> 19       -0.69982
Excited State  12:      8.95307 eV    138.48 nm  f=0.0166
    14 -> 22        0.70136
Excited State  13:      9.50812 eV    130.40 nm  f=0.0151
    14 -> 24       -0.65565
    14 -> 28       -0.25487
Excited State  14:      9.50819 eV    130.40 nm  f=0.0151
    14 -> 23        0.65564
    14 -> 27       -0.25489
Excited State  15:      9.54473 eV    129.90 nm  f=0.0000
    14 -> 20        0.70654
Excited State  16:      9.70716 eV    127.72 nm  f=0.0000
    14 -> 21       -0.70654
##################################################
##################################################
TDA-B3LYP
Excited State energies (eV)
[3.13500077 4.66433613 4.66433613 5.94319533 7.19126097 7.19167957
 8.27713893 8.27713893 8.36216853 8.36217404 8.60411336 8.96853796
 9.51218725 9.51225025 9.54472832 9.70715709]

** Singlet excitation energies and oscillator strengths **
Excited State   1:      3.13500 eV    395.48 nm  f=0.0000
    14 -> 15       -0.70711
Excited State   2:      4.66434 eV    265.81 nm  f=0.0000
    12 -> 15       -0.64641
    13 -> 15       -0.28328
Excited State   3:      4.66434 eV    265.81 nm  f=0.0000
    12 -> 15       -0.28328
    13 -> 15        0.64641
Excited State   4:      5.94320 eV    208.62 nm  f=0.0747
    14 -> 16       -0.70336
Excited State   5:      7.19126 eV    172.41 nm  f=0.0032
    14 -> 17       -0.70127
Excited State   6:      7.19168 eV    172.40 nm  f=0.0032
    14 -> 18       -0.70127
Excited State   7:      8.27714 eV    149.79 nm  f=0.0000
     8 -> 15       -0.68807
     9 -> 15       -0.15661
Excited State   8:      8.27714 eV    149.79 nm  f=0.0000
     8 -> 15        0.15661
     9 -> 15       -0.68807
Excited State   9:      8.36217 eV    148.27 nm  f=0.0000
    11 -> 15       -0.70711
Excited State  10:      8.36217 eV    148.27 nm  f=0.0000
    10 -> 15        0.70711
Excited State  11:      8.60411 eV    144.10 nm  f=0.0003
    14 -> 19        0.69342
Excited State  12:      8.96854 eV    138.24 nm  f=0.0184
    14 -> 22       -0.69853
Excited State  13:      9.51219 eV    130.34 nm  f=0.0153
    14 -> 24        0.66239
    14 -> 28        0.23556
Excited State  14:      9.51225 eV    130.34 nm  f=0.0153
    14 -> 23        0.66239
    14 -> 27       -0.23556
Excited State  15:      9.54473 eV    129.90 nm  f=0.0000
    14 -> 20       -0.70654
Excited State  16:      9.70716 eV    127.72 nm  f=0.0000
    14 -> 21       -0.70654
##################################################
begin SCF-LOSC calculation.
converged SCF energy = -256.180260739105
##################################################
TD-LOSC-B3LYP
TD-SCF states [5, 6, 13, 14, 15] not converged.
Excited State energies (eV)
[ 4.57348997  4.57349002  6.90524636  8.19955198  8.19973212  8.23709547
  8.23709931  9.22441429  9.7338042  10.21563137 10.21616807 10.47223998
 10.47253373 10.94818333 11.39371291 11.3937341 ]

** Singlet excitation energies and oscillator strengths **
Excited State   1:      4.57349 eV    271.09 nm  f=0.0001
    13 -> 15        0.69939
Old CO representation:
    13 -> 15        0.70789

Excited State   2:      4.57349 eV    271.09 nm  f=0.0001
    12 -> 15        0.39102
    13 -> 15        0.58962
Old CO representation:
    12 -> 15        0.29307
    13 -> 15        0.64439

Excited State   3:      6.90525 eV    179.55 nm  f=0.0876
    14 -> 16        0.69621
Old CO representation:
    14 -> 16        0.69995

Excited State   4:      8.19955 eV    151.21 nm  f=0.0025
    14 -> 18       -0.69292
Old CO representation:
    14 -> 18        0.68992

Excited State   5:      8.19973 eV    151.21 nm  f=0.0025
    14 -> 17       -0.69288
Old CO representation:
    14 -> 17       -0.68988

Excited State   6:      8.23710 eV    150.52 nm  f=0.0000
     8 -> 15       -0.59571
     9 -> 15       -0.37887
Old CO representation:
     8 -> 15       -0.37001
     9 -> 15       -0.60174

Excited State   7:      8.23710 eV    150.52 nm  f=0.0000
     9 -> 15        0.68812
Old CO representation:
     8 -> 15        0.69084

Excited State   8:      9.22441 eV    134.41 nm  f=0.0009
    14 -> 19        0.70094
Old CO representation:
    14 -> 19        0.70080

Excited State   9:      9.73380 eV    127.37 nm  f=0.0129
    14 -> 20        0.69392
Old CO representation:
    14 -> 22        0.69810

Excited State  10:     10.21563 eV    121.37 nm  f=0.0177
    14 -> 24        0.60441
    14 -> 27        0.33591
Old CO representation:
    14 -> 24        0.63317
    14 -> 28        0.29831

Excited State  11:     10.21617 eV    121.36 nm  f=0.0177
    14 -> 23       -0.60365
    14 -> 28        0.33717
Old CO representation:
    14 -> 23       -0.63245
    14 -> 27        0.29981

Excited State  12:     10.47224 eV    118.39 nm  f=0.0090
    14 -> 24        0.33948
    14 -> 27       -0.59011
Old CO representation:
    14 -> 24        0.29308
    14 -> 28       -0.63236

Excited State  13:     10.47253 eV    118.39 nm  f=0.0089
    14 -> 23       -0.34072
    14 -> 28       -0.58940
Old CO representation:
    14 -> 23       -0.29454
    14 -> 27       -0.63165

Excited State  14:     10.94818 eV    113.25 nm  f=0.0000
    14 -> 15       -0.70711
Old CO representation:
    14 -> 15       -0.70706

Excited State  15:     11.39371 eV    108.82 nm  f=0.0891
    14 -> 29        0.64290
    14 -> 30       -0.27150
Old CO representation:
    14 -> 29       -0.63543
    14 -> 30       -0.29104

Excited State  16:     11.39373 eV    108.82 nm  f=0.0893
    14 -> 29       -0.27049
    14 -> 30       -0.64336
Old CO representation:
    14 -> 29       -0.29206
    14 -> 30        0.63500

##################################################
##################################################
TDA-LOSC-B3LYP
Excited State energies (eV)
[ 4.67169284  4.67169284  6.91870292  8.20280212  8.20298161  8.28417551
  8.28417551  9.2835922   9.7473115  10.22045442 10.22101748 10.48761814
 10.48788281 10.94818333 11.40839913 11.40842336]

** Singlet excitation energies and oscillator strengths **
Excited State   1:      4.67169 eV    265.39 nm  f=0.0000
    12 -> 15        0.29738
    13 -> 15       -0.63972
Old CO representation:
    12 -> 15        0.39498
    13 -> 15       -0.58501

Excited State   2:      4.67169 eV    265.39 nm  f=0.0000
    12 -> 15       -0.63972
    13 -> 15       -0.29738
Old CO representation:
    12 -> 15       -0.58501
    13 -> 15       -0.39498

Excited State   3:      6.91870 eV    179.20 nm  f=0.0919
    14 -> 16       -0.69607
Old CO representation:
    14 -> 16       -0.69982

Excited State   4:      8.20280 eV    151.15 nm  f=0.0028
    14 -> 18       -0.69294
Old CO representation:
    14 -> 18        0.68996

Excited State   5:      8.20298 eV    151.15 nm  f=0.0028
    14 -> 17       -0.69290
Old CO representation:
    14 -> 17       -0.68993

Excited State   6:      8.28418 eV    149.66 nm  f=0.0000
     8 -> 15       -0.70460
Old CO representation:
     9 -> 15       -0.70543

Excited State   7:      8.28418 eV    149.66 nm  f=0.0000
     9 -> 15       -0.70460
Old CO representation:
     8 -> 15       -0.70543

Excited State   8:      9.28359 eV    133.55 nm  f=0.0005
    14 -> 19        0.69775
Old CO representation:
    14 -> 19        0.69615

Excited State   9:      9.74731 eV    127.20 nm  f=0.0142
    14 -> 20        0.69422
Old CO representation:
    14 -> 22        0.69707

Excited State  10:     10.22045 eV    121.31 nm  f=0.0179
    14 -> 24        0.61360
    14 -> 27        0.31789
Old CO representation:
    14 -> 24        0.64106
    14 -> 28        0.27924

Excited State  11:     10.22102 eV    121.30 nm  f=0.0180
    14 -> 23       -0.61292
    14 -> 28        0.31909
Old CO representation:
    14 -> 23       -0.64041
    14 -> 27        0.28069

Excited State  12:     10.48762 eV    118.22 nm  f=0.0107
    14 -> 24        0.32262
    14 -> 27       -0.59733
Old CO representation:
    14 -> 24        0.27531
    14 -> 28       -0.63926

Excited State  13:     10.48788 eV    118.22 nm  f=0.0107
    14 -> 23        0.32381
    14 -> 28        0.59669
Old CO representation:
    14 -> 23        0.27672
    14 -> 27        0.63863

Excited State  14:     10.94818 eV    113.25 nm  f=0.0000
    14 -> 15        0.70711
Old CO representation:
    14 -> 15        0.70706

Excited State  15:     11.40840 eV    108.68 nm  f=0.0958
    14 -> 29       -0.66159
    14 -> 30        0.21477
Old CO representation:
    14 -> 29        0.60628
    14 -> 30        0.34323

Excited State  16:     11.40842 eV    108.68 nm  f=0.0960
    14 -> 29        0.21479
    14 -> 30        0.66162
Old CO representation:
    14 -> 29        0.34325
    14 -> 30       -0.60632

##################################################












R = 55.0 Bohr
converged SCF energy = -256.180276203441
##################################################
TD-B3LYP
TD-SCF states [1, 2, 6, 7, 10, 11] not converged.
Excited State energies (eV)
[3.14336645 4.56513285 4.56513324 5.92863896 7.18755095 7.18796945
 8.2296445  8.2296448  8.37031679 8.3703223  8.5454777  8.95306141
 9.50811819 9.50818712 9.55318093 9.71558018]

** Singlet excitation energies and oscillator strengths **
Excited State   1:      3.14337 eV    394.43 nm  f=0.0000
    14 -> 15        0.70711
Excited State   2:      4.56513 eV    271.59 nm  f=0.0001
    12 -> 15       -0.66442
    13 -> 15       -0.24405
Excited State   3:      4.56513 eV    271.59 nm  f=0.0001
    12 -> 15       -0.24419
    13 -> 15        0.66437
Excited State   4:      5.92864 eV    209.13 nm  f=0.0707
    14 -> 16       -0.70355
Excited State   5:      7.18755 eV    172.50 nm  f=0.0028
    14 -> 17       -0.70115
Excited State   6:      7.18797 eV    172.49 nm  f=0.0028
    14 -> 18        0.70115
Excited State   7:      8.22964 eV    150.66 nm  f=0.0000
     8 -> 15        0.69621
     9 -> 15        0.11890
Excited State   8:      8.22964 eV    150.66 nm  f=0.0000
     8 -> 15       -0.14544
     9 -> 15        0.69115
Excited State   9:      8.37032 eV    148.12 nm  f=0.0000
    11 -> 15       -0.70711
Excited State  10:      8.37032 eV    148.12 nm  f=0.0000
    10 -> 15       -0.70711
Excited State  11:      8.54548 eV    145.09 nm  f=0.0008
    14 -> 19       -0.69982
Excited State  12:      8.95306 eV    138.48 nm  f=0.0166
    14 -> 22        0.70136
Excited State  13:      9.50812 eV    130.40 nm  f=0.0151
    14 -> 24       -0.65565
    14 -> 28        0.25487
Excited State  14:      9.50819 eV    130.40 nm  f=0.0151
    14 -> 23       -0.65564
    14 -> 27        0.25488
Excited State  15:      9.55318 eV    129.78 nm  f=0.0000
    14 -> 20       -0.70672
Excited State  16:      9.71558 eV    127.61 nm  f=0.0000
    14 -> 21       -0.70672
##################################################
##################################################
TDA-B3LYP
Excited State energies (eV)
[3.14336645 4.66433351 4.66433351 5.94319281 7.19125735 7.19167643
 8.27713529 8.27713529 8.37031679 8.3703223  8.60411869 8.96853438
 9.51218664 9.51224908 9.55318093 9.71558018]

** Singlet excitation energies and oscillator strengths **
Excited State   1:      3.14337 eV    394.43 nm  f=0.0000
    14 -> 15       -0.70711
Excited State   2:      4.66433 eV    265.81 nm  f=0.0000
    12 -> 15       -0.62713
    13 -> 15       -0.32373
Excited State   3:      4.66433 eV    265.81 nm  f=0.0000
    12 -> 15        0.32373
    13 -> 15       -0.62713
Excited State   4:      5.94319 eV    208.62 nm  f=0.0747
    14 -> 16        0.70336
Excited State   5:      7.19126 eV    172.41 nm  f=0.0032
    14 -> 17        0.70127
Excited State   6:      7.19168 eV    172.40 nm  f=0.0032
    14 -> 18       -0.70127
Excited State   7:      8.27714 eV    149.79 nm  f=0.0000
     8 -> 15        0.70198
Excited State   8:      8.27714 eV    149.79 nm  f=0.0000
     9 -> 15       -0.70198
Excited State   9:      8.37032 eV    148.12 nm  f=0.0000
    11 -> 15        0.70711
Excited State  10:      8.37032 eV    148.12 nm  f=0.0000
    10 -> 15       -0.70711
Excited State  11:      8.60412 eV    144.10 nm  f=0.0003
    14 -> 19       -0.69342
Excited State  12:      8.96853 eV    138.24 nm  f=0.0184
    14 -> 22       -0.69853
Excited State  13:      9.51219 eV    130.34 nm  f=0.0153
    14 -> 24       -0.66239
    14 -> 28        0.23556
Excited State  14:      9.51225 eV    130.34 nm  f=0.0153
    14 -> 23       -0.66239
    14 -> 27        0.23556
Excited State  15:      9.55318 eV    129.78 nm  f=0.0000
    14 -> 20        0.70672
Excited State  16:      9.71558 eV    127.61 nm  f=0.0000
    14 -> 21        0.70672
##################################################
begin SCF-LOSC calculation.
converged SCF energy = -256.180260682715
##################################################
TD-LOSC-B3LYP
TD-SCF states [5, 13, 14, 15] not converged.
Excited State energies (eV)
[ 4.57348998  4.57349     6.9053069   8.19961583  8.19979591  8.23708632
  8.23708683  9.2244277   9.73383716 10.21564242 10.216179   10.47226665
 10.47256029 10.99472803 11.39371461 11.39373577]

** Singlet excitation energies and oscillator strengths **
Excited State   1:      4.57349 eV    271.09 nm  f=0.0001
    12 -> 15        0.69600
Old CO representation:
    12 -> 15        0.45769
    13 -> 15        0.54005

Excited State   2:      4.57349 eV    271.09 nm  f=0.0001
    12 -> 15       -0.36611
    13 -> 15        0.60541
Old CO representation:
    12 -> 15       -0.70775

Excited State   3:      6.90531 eV    179.55 nm  f=0.0876
    14 -> 16       -0.69621
Old CO representation:
    14 -> 16       -0.69995

Excited State   4:      8.19962 eV    151.21 nm  f=0.0025
    14 -> 18       -0.69291
Old CO representation:
    14 -> 18        0.68991

Excited State   5:      8.19980 eV    151.20 nm  f=0.0025
    14 -> 17        0.69287
Old CO representation:
    14 -> 17        0.68986

Excited State   6:      8.23709 eV    150.52 nm  f=0.0000
     8 -> 15        0.70591
Old CO representation:
     8 -> 15       -0.47625
     9 -> 15        0.52172

Excited State   7:      8.23709 eV    150.52 nm  f=0.0000
     9 -> 15       -0.69689
Old CO representation:
     8 -> 15       -0.59696
     9 -> 15       -0.37767

Excited State   8:      9.22443 eV    134.41 nm  f=0.0009
    14 -> 19        0.70094
Old CO representation:
    14 -> 19        0.70080

Excited State   9:      9.73384 eV    127.37 nm  f=0.0129
    14 -> 20        0.69391
Old CO representation:
    14 -> 22        0.69810

Excited State  10:     10.21564 eV    121.37 nm  f=0.0177
    14 -> 24        0.60438
    14 -> 27        0.33595
Old CO representation:
    14 -> 24        0.63317
    14 -> 28       -0.29832

Excited State  11:     10.21618 eV    121.36 nm  f=0.0177
    14 -> 23        0.60362
    14 -> 28       -0.33721
Old CO representation:
    14 -> 23        0.63244
    14 -> 27       -0.29982

Excited State  12:     10.47227 eV    118.39 nm  f=0.0090
    14 -> 24        0.33952
    14 -> 27       -0.59005
Old CO representation:
    14 -> 24        0.29309
    14 -> 28        0.63235

Excited State  13:     10.47256 eV    118.39 nm  f=0.0089
    14 -> 23       -0.34076
    14 -> 28       -0.58939
Old CO representation:
    14 -> 23       -0.29456
    14 -> 27       -0.63164

Excited State  14:     10.99473 eV    112.77 nm  f=0.0000
    14 -> 15        0.70711
Old CO representation:
    14 -> 15        0.70706

Excited State  15:     11.39371 eV    108.82 nm  f=0.0891
    14 -> 29        0.64342
    14 -> 30       -0.27025
Old CO representation:
    14 -> 29       -0.63487
    14 -> 30       -0.29226

Excited State  16:     11.39374 eV    108.82 nm  f=0.0893
    14 -> 29       -0.26906
    14 -> 30       -0.64396
Old CO representation:
    14 -> 29       -0.29346
    14 -> 30        0.63435

##################################################
##################################################
TDA-LOSC-B3LYP
Excited State energies (eV)
[ 4.6716928   4.6716928   6.91876344  8.20286591  8.20304534  8.28416486
  8.28416487  9.28360643  9.74734393 10.22046574 10.22102866 10.48764447
 10.48790895 10.99472803 11.40840095 11.40842517]

** Singlet excitation energies and oscillator strengths **
Excited State   1:      4.67169 eV    265.39 nm  f=0.0000
    12 -> 15       -0.70211
Old CO representation:
    12 -> 15       -0.41012
    13 -> 15       -0.57449

Excited State   2:      4.67169 eV    265.39 nm  f=0.0000
    13 -> 15        0.70211
Old CO representation:
    12 -> 15       -0.57449
    13 -> 15        0.41012

Excited State   3:      6.91876 eV    179.20 nm  f=0.0919
    14 -> 16        0.69606
Old CO representation:
    14 -> 16        0.69982

Excited State   4:      8.20287 eV    151.15 nm  f=0.0028
    14 -> 18        0.69294
Old CO representation:
    14 -> 18       -0.68995

Excited State   5:      8.20305 eV    151.14 nm  f=0.0028
    14 -> 17       -0.69289
Old CO representation:
    14 -> 17       -0.68991

Excited State   6:      8.28416 eV    149.66 nm  f=0.0000
     9 -> 15        0.70375
Old CO representation:
     8 -> 15        0.49528
     9 -> 15        0.50284

Excited State   7:      8.28416 eV    149.66 nm  f=0.0000
     8 -> 15        0.70375
Old CO representation:
     8 -> 15       -0.50284
     9 -> 15        0.49528

Excited State   8:      9.28361 eV    133.55 nm  f=0.0005
    14 -> 19       -0.69775
Old CO representation:
    14 -> 19       -0.69615

Excited State   9:      9.74734 eV    127.20 nm  f=0.0142
    14 -> 20       -0.69422
Old CO representation:
    14 -> 22       -0.69707

Excited State  10:     10.22047 eV    121.31 nm  f=0.0179
    14 -> 24        0.61358
    14 -> 27        0.31793
Old CO representation:
    14 -> 24        0.64105
    14 -> 28       -0.27926

Excited State  11:     10.22103 eV    121.30 nm  f=0.0180
    14 -> 23       -0.61289
    14 -> 28        0.31913
Old CO representation:
    14 -> 23       -0.64040
    14 -> 27        0.28070

Excited State  12:     10.48764 eV    118.22 nm  f=0.0107
    14 -> 24       -0.32266
    14 -> 27        0.59729
Old CO representation:
    14 -> 24       -0.27533
    14 -> 28       -0.63925

Excited State  13:     10.48791 eV    118.22 nm  f=0.0107
    14 -> 23        0.32385
    14 -> 28        0.59666
Old CO representation:
    14 -> 23        0.27673
    14 -> 27        0.63862

Excited State  14:     10.99473 eV    112.77 nm  f=0.0000
    14 -> 15        0.70711
Old CO representation:
    14 -> 15        0.70706

Excited State  15:     11.40840 eV    108.68 nm  f=0.0958
    14 -> 29       -0.66160
    14 -> 30        0.21471
Old CO representation:
    14 -> 29        0.60626
    14 -> 30        0.34327

Excited State  16:     11.40843 eV    108.68 nm  f=0.0960
    14 -> 29       -0.21473
    14 -> 30       -0.66164
Old CO representation:
    14 -> 29       -0.34328
    14 -> 30        0.60630

##################################################






